insert into rol_usuario (rol, activo) values ('Violet', true);
insert into rol_usuario (rol, activo) values ('Turquoise', true);
insert into rol_usuario (rol, activo) values ('Aquamarine', false);

insert into semestre (semestre) values (1);
insert into semestre (semestre) values (2);
insert into semestre (semestre) values (3);
insert into semestre (semestre) values (4);
insert into semestre (semestre) values (5);
insert into semestre (semestre) values (6);
insert into semestre (semestre) values (7);
insert into semestre (semestre) values (8);
insert into semestre (semestre) values (9);
insert into semestre (semestre) values (10);

insert into usuario (fk_semestre, fk_rol_usuario, nombre, apellido, correo, clave, activo) values (10, 2, 'Yuma', 'Piche', 'ypiche0@usda.gov', 'GDJ5vxxw3', false);
insert into usuario (fk_semestre, fk_rol_usuario, nombre, apellido, correo, clave, activo) values (2, 2, 'Quintin', 'Curless', 'qcurless1@discuz.net', 'kragK1', false);
insert into usuario (fk_semestre, fk_rol_usuario, nombre, apellido, correo, clave, activo) values (3, 3, 'Dannie', 'Otridge', 'dotridge2@baidu.com', 'nRjr9Cu', true);
insert into usuario (fk_semestre, fk_rol_usuario, nombre, apellido, correo, clave, activo) values (8, 1, 'Fonz', 'Garlicke', 'fgarlicke3@salon.com', 'eiDXqOn', false);
insert into usuario (fk_semestre, fk_rol_usuario, nombre, apellido, correo, clave, activo) values (6, 3, 'Luci', 'Salzen', 'lsalzen4@miibeian.gov.cn', 'Uolx2rzzRjdy', false);
insert into usuario (fk_semestre, fk_rol_usuario, nombre, apellido, correo, clave, activo) values (5, 2, 'Boycey', 'Driscoll', 'bdriscoll5@1und1.de', 'eJUmwlfVOX', true);
insert into usuario (fk_semestre, fk_rol_usuario, nombre, apellido, correo, clave, activo) values (10, 1, 'Tomkin', 'Duthy', 'tduthy6@webs.com', '67SUeniQp', false);
insert into usuario (fk_semestre, fk_rol_usuario, nombre, apellido, correo, clave, activo) values (7, 2, 'Noble', 'Gatty', 'ngatty7@google.co.uk', 'YuxxlVv9Ngao', false);
insert into usuario (fk_semestre, fk_rol_usuario, nombre, apellido, correo, clave, activo) values (8, 3, 'Oran', 'Spargo', 'ospargo8@bloomberg.com', '5L6Ggv5', false);
insert into usuario (fk_semestre, fk_rol_usuario, nombre, apellido, correo, clave, activo) values (5, 1, 'Marquita', 'Iston', 'miston9@jiathis.com', 'fbPFlq7Y9WY', false);

insert into rol_ingeniero (nombre, descripcion) values ('Po''owaha', 'O''Daly');
insert into rol_ingeniero (nombre, descripcion) values ('Hairy Butterwort', 'Novelli');
insert into rol_ingeniero (nombre, descripcion) values ('Alaska Indian Paintbrush', 'Kix');
insert into rol_ingeniero (nombre, descripcion) values ('California False Hellebore', 'Flemmich');
insert into rol_ingeniero (nombre, descripcion) values ('Intermountain Bog Orchid', 'Bannon');

insert into tipo_habilidad (tipo) values ('jcb');
insert into tipo_habilidad (tipo) values ('laser');

insert into habilidad (fk_tipo_habilidad, habilidad) values (2, 'Cross-group');
insert into habilidad (fk_tipo_habilidad, habilidad) values (2, 'help-desk');
insert into habilidad (fk_tipo_habilidad, habilidad) values (2, 'high-level');
insert into habilidad (fk_tipo_habilidad, habilidad) values (1, 'reciprocal');
insert into habilidad (fk_tipo_habilidad, habilidad) values (2, 'Profit-focused');
insert into habilidad (fk_tipo_habilidad, habilidad) values (2, 'Automated');
insert into habilidad (fk_tipo_habilidad, habilidad) values (1, 'Organized');
insert into habilidad (fk_tipo_habilidad, habilidad) values (1, 'success');
insert into habilidad (fk_tipo_habilidad, habilidad) values (2, 'analyzing');
insert into habilidad (fk_tipo_habilidad, habilidad) values (1, 'Intuitive');

insert into rol_ingeniero_habilidad (fk_rol_ingeniero, fk_habilidad) values (1, 7);
insert into rol_ingeniero_habilidad (fk_rol_ingeniero, fk_habilidad) values (4, 5);
insert into rol_ingeniero_habilidad (fk_rol_ingeniero, fk_habilidad) values (2, 2);
insert into rol_ingeniero_habilidad (fk_rol_ingeniero, fk_habilidad) values (1, 9);
insert into rol_ingeniero_habilidad (fk_rol_ingeniero, fk_habilidad) values (2, 3);
insert into rol_ingeniero_habilidad (fk_rol_ingeniero, fk_habilidad) values (3, 2);
insert into rol_ingeniero_habilidad (fk_rol_ingeniero, fk_habilidad) values (1, 6);
insert into rol_ingeniero_habilidad (fk_rol_ingeniero, fk_habilidad) values (3, 10);
insert into rol_ingeniero_habilidad (fk_rol_ingeniero, fk_habilidad) values (3, 5);
insert into rol_ingeniero_habilidad (fk_rol_ingeniero, fk_habilidad) values (4, 10);
insert into rol_ingeniero_habilidad (fk_rol_ingeniero, fk_habilidad) values (5, 6);
insert into rol_ingeniero_habilidad (fk_rol_ingeniero, fk_habilidad) values (3, 6);
insert into rol_ingeniero_habilidad (fk_rol_ingeniero, fk_habilidad) values (4, 3);
insert into rol_ingeniero_habilidad (fk_rol_ingeniero, fk_habilidad) values (5, 1);
insert into rol_ingeniero_habilidad (fk_rol_ingeniero, fk_habilidad) values (1, 8);
insert into rol_ingeniero_habilidad (fk_rol_ingeniero, fk_habilidad) values (2, 2);
insert into rol_ingeniero_habilidad (fk_rol_ingeniero, fk_habilidad) values (5, 4);
insert into rol_ingeniero_habilidad (fk_rol_ingeniero, fk_habilidad) values (1, 6);
insert into rol_ingeniero_habilidad (fk_rol_ingeniero, fk_habilidad) values (5, 2);
insert into rol_ingeniero_habilidad (fk_rol_ingeniero, fk_habilidad) values (3, 6);

insert into cuestionario (fk_semestre, estandar_puntuacion) values (1, 75);
insert into cuestionario (fk_semestre, estandar_puntuacion) values (2, 24);
insert into cuestionario (fk_semestre, estandar_puntuacion) values (3, 13);
insert into cuestionario (fk_semestre, estandar_puntuacion) values (4, 42);
insert into cuestionario (fk_semestre, estandar_puntuacion) values (5, 21);
insert into cuestionario (fk_semestre, estandar_puntuacion) values (6, 79);
insert into cuestionario (fk_semestre, estandar_puntuacion) values (7, 54);
insert into cuestionario (fk_semestre, estandar_puntuacion) values (8, 78);
insert into cuestionario (fk_semestre, estandar_puntuacion) values (9, 8);
insert into cuestionario (fk_semestre, estandar_puntuacion) values (10, 38);

insert into seccion_cuestionario (fk_habilidad, seccion, estandar_puntuacion) values (1, 'Veribet', 18);
insert into seccion_cuestionario (fk_habilidad, seccion, estandar_puntuacion) values (2, 'Latlux', 42);
insert into seccion_cuestionario (fk_habilidad, seccion, estandar_puntuacion) values (3, 'Namfix', 76);
insert into seccion_cuestionario (fk_habilidad, seccion, estandar_puntuacion) values (4, 'Fix San', 10);
insert into seccion_cuestionario (fk_habilidad, seccion, estandar_puntuacion) values (5, 'Stim', 57);
insert into seccion_cuestionario (fk_habilidad, seccion, estandar_puntuacion) values (6, 'Tin', 44);
insert into seccion_cuestionario (fk_habilidad, seccion, estandar_puntuacion) values (7, 'Hatity', 19);
insert into seccion_cuestionario (fk_habilidad, seccion, estandar_puntuacion) values (8, 'Keylex', 5);
insert into seccion_cuestionario (fk_habilidad, seccion, estandar_puntuacion) values (9, 'Zaam-Dox', 2);
insert into seccion_cuestionario (fk_habilidad, seccion, estandar_puntuacion) values (10, 'Flowdesk', 79);

insert into cuestionario_seccion_cuestionario (fk_cuestionario, fk_seccion_cuestionario) values (7, 2);
insert into cuestionario_seccion_cuestionario (fk_cuestionario, fk_seccion_cuestionario) values (7, 5);
insert into cuestionario_seccion_cuestionario (fk_cuestionario, fk_seccion_cuestionario) values (2, 5);
insert into cuestionario_seccion_cuestionario (fk_cuestionario, fk_seccion_cuestionario) values (9, 4);
insert into cuestionario_seccion_cuestionario (fk_cuestionario, fk_seccion_cuestionario) values (7, 4);
insert into cuestionario_seccion_cuestionario (fk_cuestionario, fk_seccion_cuestionario) values (8, 2);
insert into cuestionario_seccion_cuestionario (fk_cuestionario, fk_seccion_cuestionario) values (8, 5);
insert into cuestionario_seccion_cuestionario (fk_cuestionario, fk_seccion_cuestionario) values (2, 10);
insert into cuestionario_seccion_cuestionario (fk_cuestionario, fk_seccion_cuestionario) values (9, 2);
insert into cuestionario_seccion_cuestionario (fk_cuestionario, fk_seccion_cuestionario) values (10, 2);
insert into cuestionario_seccion_cuestionario (fk_cuestionario, fk_seccion_cuestionario) values (7, 4);
insert into cuestionario_seccion_cuestionario (fk_cuestionario, fk_seccion_cuestionario) values (5, 8);
insert into cuestionario_seccion_cuestionario (fk_cuestionario, fk_seccion_cuestionario) values (10, 10);
insert into cuestionario_seccion_cuestionario (fk_cuestionario, fk_seccion_cuestionario) values (9, 6);
insert into cuestionario_seccion_cuestionario (fk_cuestionario, fk_seccion_cuestionario) values (9, 3);
insert into cuestionario_seccion_cuestionario (fk_cuestionario, fk_seccion_cuestionario) values (6, 10);
insert into cuestionario_seccion_cuestionario (fk_cuestionario, fk_seccion_cuestionario) values (1, 3);
insert into cuestionario_seccion_cuestionario (fk_cuestionario, fk_seccion_cuestionario) values (6, 6);
insert into cuestionario_seccion_cuestionario (fk_cuestionario, fk_seccion_cuestionario) values (3, 7);
insert into cuestionario_seccion_cuestionario (fk_cuestionario, fk_seccion_cuestionario) values (4, 6);
insert into cuestionario_seccion_cuestionario (fk_cuestionario, fk_seccion_cuestionario) values (5, 9);
insert into cuestionario_seccion_cuestionario (fk_cuestionario, fk_seccion_cuestionario) values (8, 8);
insert into cuestionario_seccion_cuestionario (fk_cuestionario, fk_seccion_cuestionario) values (3, 4);
insert into cuestionario_seccion_cuestionario (fk_cuestionario, fk_seccion_cuestionario) values (9, 8);
insert into cuestionario_seccion_cuestionario (fk_cuestionario, fk_seccion_cuestionario) values (4, 1);
insert into cuestionario_seccion_cuestionario (fk_cuestionario, fk_seccion_cuestionario) values (1, 7);
insert into cuestionario_seccion_cuestionario (fk_cuestionario, fk_seccion_cuestionario) values (10, 9);
insert into cuestionario_seccion_cuestionario (fk_cuestionario, fk_seccion_cuestionario) values (7, 1);
insert into cuestionario_seccion_cuestionario (fk_cuestionario, fk_seccion_cuestionario) values (7, 5);
insert into cuestionario_seccion_cuestionario (fk_cuestionario, fk_seccion_cuestionario) values (6, 4);
insert into cuestionario_seccion_cuestionario (fk_cuestionario, fk_seccion_cuestionario) values (5, 8);
insert into cuestionario_seccion_cuestionario (fk_cuestionario, fk_seccion_cuestionario) values (2, 5);
insert into cuestionario_seccion_cuestionario (fk_cuestionario, fk_seccion_cuestionario) values (10, 2);
insert into cuestionario_seccion_cuestionario (fk_cuestionario, fk_seccion_cuestionario) values (2, 8);
insert into cuestionario_seccion_cuestionario (fk_cuestionario, fk_seccion_cuestionario) values (8, 2);
insert into cuestionario_seccion_cuestionario (fk_cuestionario, fk_seccion_cuestionario) values (2, 4);
insert into cuestionario_seccion_cuestionario (fk_cuestionario, fk_seccion_cuestionario) values (3, 5);
insert into cuestionario_seccion_cuestionario (fk_cuestionario, fk_seccion_cuestionario) values (10, 9);
insert into cuestionario_seccion_cuestionario (fk_cuestionario, fk_seccion_cuestionario) values (1, 8);
insert into cuestionario_seccion_cuestionario (fk_cuestionario, fk_seccion_cuestionario) values (5, 9);
insert into cuestionario_seccion_cuestionario (fk_cuestionario, fk_seccion_cuestionario) values (10, 8);
insert into cuestionario_seccion_cuestionario (fk_cuestionario, fk_seccion_cuestionario) values (7, 9);
insert into cuestionario_seccion_cuestionario (fk_cuestionario, fk_seccion_cuestionario) values (3, 3);
insert into cuestionario_seccion_cuestionario (fk_cuestionario, fk_seccion_cuestionario) values (1, 2);
insert into cuestionario_seccion_cuestionario (fk_cuestionario, fk_seccion_cuestionario) values (10, 6);
insert into cuestionario_seccion_cuestionario (fk_cuestionario, fk_seccion_cuestionario) values (1, 10);
insert into cuestionario_seccion_cuestionario (fk_cuestionario, fk_seccion_cuestionario) values (4, 2);
insert into cuestionario_seccion_cuestionario (fk_cuestionario, fk_seccion_cuestionario) values (4, 10);
insert into cuestionario_seccion_cuestionario (fk_cuestionario, fk_seccion_cuestionario) values (5, 2);
insert into cuestionario_seccion_cuestionario (fk_cuestionario, fk_seccion_cuestionario) values (3, 7);

insert into pregunta (fk_habilidad, fk_seccion_cuestionario, enunciado, activo, puntos) values (1, 9, 'In quis justo. Maecenas rhoncus aliquam lacus. Morbi quis tortor id nulla ultrices aliquet.', true, 60);
insert into pregunta (fk_habilidad, fk_seccion_cuestionario, enunciado, activo, puntos) values (7, 5, 'Aenean lectus. Pellentesque eget nunc. Donec quis orci eget orci vehicula condimentum.', false, 78);
insert into pregunta (fk_habilidad, fk_seccion_cuestionario, enunciado, activo, puntos) values (4, 1, 'Mauris enim leo, rhoncus sed, vestibulum sit amet, cursus id, turpis. Integer aliquet, massa id lobortis convallis, tortor risus dapibus augue, vel accumsan tellus nisi eu orci. Mauris lacinia sapien quis libero.', false, 8);
insert into pregunta (fk_habilidad, fk_seccion_cuestionario, enunciado, activo, puntos) values (2, 10, 'Maecenas ut massa quis augue luctus tincidunt. Nulla mollis molestie lorem. Quisque ut erat.', true, 40);
insert into pregunta (fk_habilidad, fk_seccion_cuestionario, enunciado, activo, puntos) values (1, 4, 'Morbi non lectus. Aliquam sit amet diam in magna bibendum imperdiet. Nullam orci pede, venenatis non, sodales sed, tincidunt eu, felis.', false, 44);
insert into pregunta (fk_habilidad, fk_seccion_cuestionario, enunciado, activo, puntos) values (4, 10, 'In congue. Etiam justo. Etiam pretium iaculis justo.', false, 98);
insert into pregunta (fk_habilidad, fk_seccion_cuestionario, enunciado, activo, puntos) values (7, 8, 'Duis aliquam convallis nunc. Proin at turpis a pede posuere nonummy. Integer non velit.', false, 79);
insert into pregunta (fk_habilidad, fk_seccion_cuestionario, enunciado, activo, puntos) values (10, 8, 'Quisque porta volutpat erat. Quisque erat eros, viverra eget, congue eget, semper rutrum, nulla. Nunc purus.', false, 55);
insert into pregunta (fk_habilidad, fk_seccion_cuestionario, enunciado, activo, puntos) values (4, 5, 'Duis aliquam convallis nunc. Proin at turpis a pede posuere nonummy. Integer non velit.', false, 55);
insert into pregunta (fk_habilidad, fk_seccion_cuestionario, enunciado, activo, puntos) values (9, 5, 'Morbi porttitor lorem id ligula. Suspendisse ornare consequat lectus. In est risus, auctor sed, tristique in, tempus sit amet, sem.', false, 2);
insert into pregunta (fk_habilidad, fk_seccion_cuestionario, enunciado, activo, puntos) values (9, 9, 'Nullam porttitor lacus at turpis. Donec posuere metus vitae ipsum. Aliquam non mauris.', true, 25);
insert into pregunta (fk_habilidad, fk_seccion_cuestionario, enunciado, activo, puntos) values (6, 10, 'Phasellus sit amet erat. Nulla tempus. Vivamus in felis eu sapien cursus vestibulum.', true, 68);
insert into pregunta (fk_habilidad, fk_seccion_cuestionario, enunciado, activo, puntos) values (2, 5, 'Cras mi pede, malesuada in, imperdiet et, commodo vulputate, justo. In blandit ultrices enim. Lorem ipsum dolor sit amet, consectetuer adipiscing elit.', false, 59);
insert into pregunta (fk_habilidad, fk_seccion_cuestionario, enunciado, activo, puntos) values (8, 9, 'Proin leo odio, porttitor id, consequat in, consequat ut, nulla. Sed accumsan felis. Ut at dolor quis odio consequat varius.', false, 21);
insert into pregunta (fk_habilidad, fk_seccion_cuestionario, enunciado, activo, puntos) values (10, 8, 'Proin eu mi. Nulla ac enim. In tempor, turpis nec euismod scelerisque, quam turpis adipiscing lorem, vitae mattis nibh ligula nec sem.', false, 89);
insert into pregunta (fk_habilidad, fk_seccion_cuestionario, enunciado, activo, puntos) values (8, 1, 'Praesent id massa id nisl venenatis lacinia. Aenean sit amet justo. Morbi ut odio.', false, 11);
insert into pregunta (fk_habilidad, fk_seccion_cuestionario, enunciado, activo, puntos) values (2, 8, 'Pellentesque at nulla. Suspendisse potenti. Cras in purus eu magna vulputate luctus.', false, 47);
insert into pregunta (fk_habilidad, fk_seccion_cuestionario, enunciado, activo, puntos) values (5, 7, 'Maecenas leo odio, condimentum id, luctus nec, molestie sed, justo. Pellentesque viverra pede ac diam. Cras pellentesque volutpat dui.', false, 93);
insert into pregunta (fk_habilidad, fk_seccion_cuestionario, enunciado, activo, puntos) values (9, 2, 'Phasellus in felis. Donec semper sapien a libero. Nam dui.', true, 63);
insert into pregunta (fk_habilidad, fk_seccion_cuestionario, enunciado, activo, puntos) values (3, 9, 'Mauris enim leo, rhoncus sed, vestibulum sit amet, cursus id, turpis. Integer aliquet, massa id lobortis convallis, tortor risus dapibus augue, vel accumsan tellus nisi eu orci. Mauris lacinia sapien quis libero.', false, 64);
insert into pregunta (fk_habilidad, fk_seccion_cuestionario, enunciado, activo, puntos) values (1, 7, 'Quisque id justo sit amet sapien dignissim vestibulum. Vestibulum ante ipsum primis in faucibus orci luctus et ultrices posuere cubilia Curae; Nulla dapibus dolor vel est. Donec odio justo, sollicitudin ut, suscipit a, feugiat et, eros.', false, 92);
insert into pregunta (fk_habilidad, fk_seccion_cuestionario, enunciado, activo, puntos) values (2, 3, 'Maecenas ut massa quis augue luctus tincidunt. Nulla mollis molestie lorem. Quisque ut erat.', true, 90);
insert into pregunta (fk_habilidad, fk_seccion_cuestionario, enunciado, activo, puntos) values (2, 10, 'Morbi non lectus. Aliquam sit amet diam in magna bibendum imperdiet. Nullam orci pede, venenatis non, sodales sed, tincidunt eu, felis.', false, 50);
insert into pregunta (fk_habilidad, fk_seccion_cuestionario, enunciado, activo, puntos) values (5, 2, 'Quisque id justo sit amet sapien dignissim vestibulum. Vestibulum ante ipsum primis in faucibus orci luctus et ultrices posuere cubilia Curae; Nulla dapibus dolor vel est. Donec odio justo, sollicitudin ut, suscipit a, feugiat et, eros.', true, 93);
insert into pregunta (fk_habilidad, fk_seccion_cuestionario, enunciado, activo, puntos) values (2, 5, 'Fusce posuere felis sed lacus. Morbi sem mauris, laoreet ut, rhoncus aliquet, pulvinar sed, nisl. Nunc rhoncus dui vel sem.', true, 5);
insert into pregunta (fk_habilidad, fk_seccion_cuestionario, enunciado, activo, puntos) values (10, 10, 'Duis consequat dui nec nisi volutpat eleifend. Donec ut dolor. Morbi vel lectus in quam fringilla rhoncus.', false, 37);
insert into pregunta (fk_habilidad, fk_seccion_cuestionario, enunciado, activo, puntos) values (7, 5, 'Maecenas ut massa quis augue luctus tincidunt. Nulla mollis molestie lorem. Quisque ut erat.', true, 58);
insert into pregunta (fk_habilidad, fk_seccion_cuestionario, enunciado, activo, puntos) values (1, 3, 'Fusce consequat. Nulla nisl. Nunc nisl.', true, 38);
insert into pregunta (fk_habilidad, fk_seccion_cuestionario, enunciado, activo, puntos) values (1, 7, 'Proin eu mi. Nulla ac enim. In tempor, turpis nec euismod scelerisque, quam turpis adipiscing lorem, vitae mattis nibh ligula nec sem.', false, 84);
insert into pregunta (fk_habilidad, fk_seccion_cuestionario, enunciado, activo, puntos) values (5, 1, 'Curabitur gravida nisi at nibh. In hac habitasse platea dictumst. Aliquam augue quam, sollicitudin vitae, consectetuer eget, rutrum at, lorem.', false, 52);
insert into pregunta (fk_habilidad, fk_seccion_cuestionario, enunciado, activo, puntos) values (6, 8, 'Aliquam quis turpis eget elit sodales scelerisque. Mauris sit amet eros. Suspendisse accumsan tortor quis turpis.', true, 81);
insert into pregunta (fk_habilidad, fk_seccion_cuestionario, enunciado, activo, puntos) values (1, 8, 'Cum sociis natoque penatibus et magnis dis parturient montes, nascetur ridiculus mus. Vivamus vestibulum sagittis sapien. Cum sociis natoque penatibus et magnis dis parturient montes, nascetur ridiculus mus.', true, 44);
insert into pregunta (fk_habilidad, fk_seccion_cuestionario, enunciado, activo, puntos) values (1, 5, 'Lorem ipsum dolor sit amet, consectetuer adipiscing elit. Proin risus. Praesent lectus.', true, 49);
insert into pregunta (fk_habilidad, fk_seccion_cuestionario, enunciado, activo, puntos) values (7, 6, 'Suspendisse potenti. In eleifend quam a odio. In hac habitasse platea dictumst.', false, 54);
insert into pregunta (fk_habilidad, fk_seccion_cuestionario, enunciado, activo, puntos) values (4, 3, 'Proin eu mi. Nulla ac enim. In tempor, turpis nec euismod scelerisque, quam turpis adipiscing lorem, vitae mattis nibh ligula nec sem.', true, 56);
insert into pregunta (fk_habilidad, fk_seccion_cuestionario, enunciado, activo, puntos) values (9, 5, 'Praesent id massa id nisl venenatis lacinia. Aenean sit amet justo. Morbi ut odio.', true, 64);
insert into pregunta (fk_habilidad, fk_seccion_cuestionario, enunciado, activo, puntos) values (5, 7, 'Maecenas tristique, est et tempus semper, est quam pharetra magna, ac consequat metus sapien ut nunc. Vestibulum ante ipsum primis in faucibus orci luctus et ultrices posuere cubilia Curae; Mauris viverra diam vitae quam. Suspendisse potenti.', false, 89);
insert into pregunta (fk_habilidad, fk_seccion_cuestionario, enunciado, activo, puntos) values (7, 6, 'Duis aliquam convallis nunc. Proin at turpis a pede posuere nonummy. Integer non velit.', false, 17);
insert into pregunta (fk_habilidad, fk_seccion_cuestionario, enunciado, activo, puntos) values (3, 5, 'In hac habitasse platea dictumst. Etiam faucibus cursus urna. Ut tellus.', true, 93);
insert into pregunta (fk_habilidad, fk_seccion_cuestionario, enunciado, activo, puntos) values (3, 2, 'Aliquam quis turpis eget elit sodales scelerisque. Mauris sit amet eros. Suspendisse accumsan tortor quis turpis.', false, 3);
insert into pregunta (fk_habilidad, fk_seccion_cuestionario, enunciado, activo, puntos) values (4, 3, 'Quisque id justo sit amet sapien dignissim vestibulum. Vestibulum ante ipsum primis in faucibus orci luctus et ultrices posuere cubilia Curae; Nulla dapibus dolor vel est. Donec odio justo, sollicitudin ut, suscipit a, feugiat et, eros.', true, 70);
insert into pregunta (fk_habilidad, fk_seccion_cuestionario, enunciado, activo, puntos) values (3, 7, 'Quisque id justo sit amet sapien dignissim vestibulum. Vestibulum ante ipsum primis in faucibus orci luctus et ultrices posuere cubilia Curae; Nulla dapibus dolor vel est. Donec odio justo, sollicitudin ut, suscipit a, feugiat et, eros.', true, 24);
insert into pregunta (fk_habilidad, fk_seccion_cuestionario, enunciado, activo, puntos) values (10, 4, 'In sagittis dui vel nisl. Duis ac nibh. Fusce lacus purus, aliquet at, feugiat non, pretium quis, lectus.', true, 58);
insert into pregunta (fk_habilidad, fk_seccion_cuestionario, enunciado, activo, puntos) values (7, 2, 'Vestibulum quam sapien, varius ut, blandit non, interdum in, ante. Vestibulum ante ipsum primis in faucibus orci luctus et ultrices posuere cubilia Curae; Duis faucibus accumsan odio. Curabitur convallis.', false, 40);
insert into pregunta (fk_habilidad, fk_seccion_cuestionario, enunciado, activo, puntos) values (8, 4, 'Duis aliquam convallis nunc. Proin at turpis a pede posuere nonummy. Integer non velit.', false, 10);
insert into pregunta (fk_habilidad, fk_seccion_cuestionario, enunciado, activo, puntos) values (6, 10, 'Morbi non lectus. Aliquam sit amet diam in magna bibendum imperdiet. Nullam orci pede, venenatis non, sodales sed, tincidunt eu, felis.', true, 22);
insert into pregunta (fk_habilidad, fk_seccion_cuestionario, enunciado, activo, puntos) values (9, 5, 'Duis aliquam convallis nunc. Proin at turpis a pede posuere nonummy. Integer non velit.', true, 77);
insert into pregunta (fk_habilidad, fk_seccion_cuestionario, enunciado, activo, puntos) values (2, 8, 'In sagittis dui vel nisl. Duis ac nibh. Fusce lacus purus, aliquet at, feugiat non, pretium quis, lectus.', false, 43);
insert into pregunta (fk_habilidad, fk_seccion_cuestionario, enunciado, activo, puntos) values (4, 3, 'Curabitur in libero ut massa volutpat convallis. Morbi odio odio, elementum eu, interdum eu, tincidunt in, leo. Maecenas pulvinar lobortis est.', true, 54);
insert into pregunta (fk_habilidad, fk_seccion_cuestionario, enunciado, activo, puntos) values (10, 2, 'Nullam sit amet turpis elementum ligula vehicula consequat. Morbi a ipsum. Integer a nibh.', true, 68);
insert into pregunta (fk_habilidad, fk_seccion_cuestionario, enunciado, activo, puntos) values (1, 5, 'In quis justo. Maecenas rhoncus aliquam lacus. Morbi quis tortor id nulla ultrices aliquet.', false, 1);
insert into pregunta (fk_habilidad, fk_seccion_cuestionario, enunciado, activo, puntos) values (9, 10, 'In congue. Etiam justo. Etiam pretium iaculis justo.', false, 42);
insert into pregunta (fk_habilidad, fk_seccion_cuestionario, enunciado, activo, puntos) values (3, 1, 'Curabitur at ipsum ac tellus semper interdum. Mauris ullamcorper purus sit amet nulla. Quisque arcu libero, rutrum ac, lobortis vel, dapibus at, diam.', true, 37);
insert into pregunta (fk_habilidad, fk_seccion_cuestionario, enunciado, activo, puntos) values (6, 4, 'Duis bibendum, felis sed interdum venenatis, turpis enim blandit mi, in porttitor pede justo eu massa. Donec dapibus. Duis at velit eu est congue elementum.', true, 16);
insert into pregunta (fk_habilidad, fk_seccion_cuestionario, enunciado, activo, puntos) values (9, 6, 'Aenean fermentum. Donec ut mauris eget massa tempor convallis. Nulla neque libero, convallis eget, eleifend luctus, ultricies eu, nibh.', false, 35);
insert into pregunta (fk_habilidad, fk_seccion_cuestionario, enunciado, activo, puntos) values (3, 5, 'Duis bibendum. Morbi non quam nec dui luctus rutrum. Nulla tellus.', true, 21);
insert into pregunta (fk_habilidad, fk_seccion_cuestionario, enunciado, activo, puntos) values (3, 3, 'Fusce posuere felis sed lacus. Morbi sem mauris, laoreet ut, rhoncus aliquet, pulvinar sed, nisl. Nunc rhoncus dui vel sem.', true, 75);
insert into pregunta (fk_habilidad, fk_seccion_cuestionario, enunciado, activo, puntos) values (9, 10, 'In quis justo. Maecenas rhoncus aliquam lacus. Morbi quis tortor id nulla ultrices aliquet.', false, 31);
insert into pregunta (fk_habilidad, fk_seccion_cuestionario, enunciado, activo, puntos) values (10, 8, 'Aliquam quis turpis eget elit sodales scelerisque. Mauris sit amet eros. Suspendisse accumsan tortor quis turpis.', true, 22);
insert into pregunta (fk_habilidad, fk_seccion_cuestionario, enunciado, activo, puntos) values (10, 3, 'Pellentesque at nulla. Suspendisse potenti. Cras in purus eu magna vulputate luctus.', false, 48);
insert into pregunta (fk_habilidad, fk_seccion_cuestionario, enunciado, activo, puntos) values (3, 6, 'Proin eu mi. Nulla ac enim. In tempor, turpis nec euismod scelerisque, quam turpis adipiscing lorem, vitae mattis nibh ligula nec sem.', true, 61);
insert into pregunta (fk_habilidad, fk_seccion_cuestionario, enunciado, activo, puntos) values (2, 4, 'Suspendisse potenti. In eleifend quam a odio. In hac habitasse platea dictumst.', true, 42);
insert into pregunta (fk_habilidad, fk_seccion_cuestionario, enunciado, activo, puntos) values (6, 2, 'Mauris enim leo, rhoncus sed, vestibulum sit amet, cursus id, turpis. Integer aliquet, massa id lobortis convallis, tortor risus dapibus augue, vel accumsan tellus nisi eu orci. Mauris lacinia sapien quis libero.', false, 85);
insert into pregunta (fk_habilidad, fk_seccion_cuestionario, enunciado, activo, puntos) values (6, 1, 'In quis justo. Maecenas rhoncus aliquam lacus. Morbi quis tortor id nulla ultrices aliquet.', false, 37);
insert into pregunta (fk_habilidad, fk_seccion_cuestionario, enunciado, activo, puntos) values (4, 7, 'In sagittis dui vel nisl. Duis ac nibh. Fusce lacus purus, aliquet at, feugiat non, pretium quis, lectus.', false, 98);
insert into pregunta (fk_habilidad, fk_seccion_cuestionario, enunciado, activo, puntos) values (2, 1, 'Morbi non lectus. Aliquam sit amet diam in magna bibendum imperdiet. Nullam orci pede, venenatis non, sodales sed, tincidunt eu, felis.', true, 6);
insert into pregunta (fk_habilidad, fk_seccion_cuestionario, enunciado, activo, puntos) values (5, 9, 'Duis bibendum. Morbi non quam nec dui luctus rutrum. Nulla tellus.', false, 26);
insert into pregunta (fk_habilidad, fk_seccion_cuestionario, enunciado, activo, puntos) values (9, 7, 'In hac habitasse platea dictumst. Etiam faucibus cursus urna. Ut tellus.', true, 5);
insert into pregunta (fk_habilidad, fk_seccion_cuestionario, enunciado, activo, puntos) values (9, 3, 'Duis bibendum. Morbi non quam nec dui luctus rutrum. Nulla tellus.', true, 12);
insert into pregunta (fk_habilidad, fk_seccion_cuestionario, enunciado, activo, puntos) values (5, 7, 'Nullam porttitor lacus at turpis. Donec posuere metus vitae ipsum. Aliquam non mauris.', true, 24);
insert into pregunta (fk_habilidad, fk_seccion_cuestionario, enunciado, activo, puntos) values (5, 7, 'Duis bibendum. Morbi non quam nec dui luctus rutrum. Nulla tellus.', true, 84);
insert into pregunta (fk_habilidad, fk_seccion_cuestionario, enunciado, activo, puntos) values (1, 7, 'In hac habitasse platea dictumst. Morbi vestibulum, velit id pretium iaculis, diam erat fermentum justo, nec condimentum neque sapien placerat ante. Nulla justo.', false, 5);
insert into pregunta (fk_habilidad, fk_seccion_cuestionario, enunciado, activo, puntos) values (8, 7, 'Integer tincidunt ante vel ipsum. Praesent blandit lacinia erat. Vestibulum sed magna at nunc commodo placerat.', false, 67);
insert into pregunta (fk_habilidad, fk_seccion_cuestionario, enunciado, activo, puntos) values (3, 6, 'In hac habitasse platea dictumst. Etiam faucibus cursus urna. Ut tellus.', false, 96);
insert into pregunta (fk_habilidad, fk_seccion_cuestionario, enunciado, activo, puntos) values (3, 2, 'Vestibulum quam sapien, varius ut, blandit non, interdum in, ante. Vestibulum ante ipsum primis in faucibus orci luctus et ultrices posuere cubilia Curae; Duis faucibus accumsan odio. Curabitur convallis.', false, 34);
insert into pregunta (fk_habilidad, fk_seccion_cuestionario, enunciado, activo, puntos) values (2, 4, 'Aenean lectus. Pellentesque eget nunc. Donec quis orci eget orci vehicula condimentum.', false, 59);
insert into pregunta (fk_habilidad, fk_seccion_cuestionario, enunciado, activo, puntos) values (10, 9, 'In hac habitasse platea dictumst. Morbi vestibulum, velit id pretium iaculis, diam erat fermentum justo, nec condimentum neque sapien placerat ante. Nulla justo.', false, 32);
insert into pregunta (fk_habilidad, fk_seccion_cuestionario, enunciado, activo, puntos) values (9, 9, 'Quisque id justo sit amet sapien dignissim vestibulum. Vestibulum ante ipsum primis in faucibus orci luctus et ultrices posuere cubilia Curae; Nulla dapibus dolor vel est. Donec odio justo, sollicitudin ut, suscipit a, feugiat et, eros.', true, 47);
insert into pregunta (fk_habilidad, fk_seccion_cuestionario, enunciado, activo, puntos) values (7, 10, 'In hac habitasse platea dictumst. Etiam faucibus cursus urna. Ut tellus.', false, 2);
insert into pregunta (fk_habilidad, fk_seccion_cuestionario, enunciado, activo, puntos) values (7, 5, 'In hac habitasse platea dictumst. Etiam faucibus cursus urna. Ut tellus.', true, 12);
insert into pregunta (fk_habilidad, fk_seccion_cuestionario, enunciado, activo, puntos) values (9, 6, 'In hac habitasse platea dictumst. Etiam faucibus cursus urna. Ut tellus.', false, 42);
insert into pregunta (fk_habilidad, fk_seccion_cuestionario, enunciado, activo, puntos) values (9, 6, 'Aliquam quis turpis eget elit sodales scelerisque. Mauris sit amet eros. Suspendisse accumsan tortor quis turpis.', true, 35);
insert into pregunta (fk_habilidad, fk_seccion_cuestionario, enunciado, activo, puntos) values (6, 6, 'Quisque porta volutpat erat. Quisque erat eros, viverra eget, congue eget, semper rutrum, nulla. Nunc purus.', false, 42);
insert into pregunta (fk_habilidad, fk_seccion_cuestionario, enunciado, activo, puntos) values (2, 9, 'Aenean fermentum. Donec ut mauris eget massa tempor convallis. Nulla neque libero, convallis eget, eleifend luctus, ultricies eu, nibh.', true, 80);
insert into pregunta (fk_habilidad, fk_seccion_cuestionario, enunciado, activo, puntos) values (2, 1, 'Aenean fermentum. Donec ut mauris eget massa tempor convallis. Nulla neque libero, convallis eget, eleifend luctus, ultricies eu, nibh.', false, 65);
insert into pregunta (fk_habilidad, fk_seccion_cuestionario, enunciado, activo, puntos) values (2, 10, 'Mauris enim leo, rhoncus sed, vestibulum sit amet, cursus id, turpis. Integer aliquet, massa id lobortis convallis, tortor risus dapibus augue, vel accumsan tellus nisi eu orci. Mauris lacinia sapien quis libero.', true, 25);
insert into pregunta (fk_habilidad, fk_seccion_cuestionario, enunciado, activo, puntos) values (5, 5, 'Praesent blandit. Nam nulla. Integer pede justo, lacinia eget, tincidunt eget, tempus vel, pede.', false, 13);
insert into pregunta (fk_habilidad, fk_seccion_cuestionario, enunciado, activo, puntos) values (3, 5, 'Curabitur gravida nisi at nibh. In hac habitasse platea dictumst. Aliquam augue quam, sollicitudin vitae, consectetuer eget, rutrum at, lorem.', false, 1);
insert into pregunta (fk_habilidad, fk_seccion_cuestionario, enunciado, activo, puntos) values (4, 3, 'Fusce consequat. Nulla nisl. Nunc nisl.', true, 84);
insert into pregunta (fk_habilidad, fk_seccion_cuestionario, enunciado, activo, puntos) values (4, 7, 'Aenean fermentum. Donec ut mauris eget massa tempor convallis. Nulla neque libero, convallis eget, eleifend luctus, ultricies eu, nibh.', true, 12);
insert into pregunta (fk_habilidad, fk_seccion_cuestionario, enunciado, activo, puntos) values (2, 4, 'Curabitur in libero ut massa volutpat convallis. Morbi odio odio, elementum eu, interdum eu, tincidunt in, leo. Maecenas pulvinar lobortis est.', true, 88);
insert into pregunta (fk_habilidad, fk_seccion_cuestionario, enunciado, activo, puntos) values (2, 6, 'Fusce posuere felis sed lacus. Morbi sem mauris, laoreet ut, rhoncus aliquet, pulvinar sed, nisl. Nunc rhoncus dui vel sem.', false, 76);
insert into pregunta (fk_habilidad, fk_seccion_cuestionario, enunciado, activo, puntos) values (8, 9, 'In quis justo. Maecenas rhoncus aliquam lacus. Morbi quis tortor id nulla ultrices aliquet.', false, 96);
insert into pregunta (fk_habilidad, fk_seccion_cuestionario, enunciado, activo, puntos) values (9, 4, 'Duis bibendum. Morbi non quam nec dui luctus rutrum. Nulla tellus.', false, 45);
insert into pregunta (fk_habilidad, fk_seccion_cuestionario, enunciado, activo, puntos) values (7, 7, 'Sed sagittis. Nam congue, risus semper porta volutpat, quam pede lobortis ligula, sit amet eleifend pede libero quis orci. Nullam molestie nibh in lectus.', true, 16);
insert into pregunta (fk_habilidad, fk_seccion_cuestionario, enunciado, activo, puntos) values (8, 9, 'Integer ac leo. Pellentesque ultrices mattis odio. Donec vitae nisi.', false, 47);
insert into pregunta (fk_habilidad, fk_seccion_cuestionario, enunciado, activo, puntos) values (1, 9, 'Proin leo odio, porttitor id, consequat in, consequat ut, nulla. Sed accumsan felis. Ut at dolor quis odio consequat varius.', false, 57);
insert into pregunta (fk_habilidad, fk_seccion_cuestionario, enunciado, activo, puntos) values (1, 5, 'Suspendisse potenti. In eleifend quam a odio. In hac habitasse platea dictumst.', true, 31);
insert into pregunta (fk_habilidad, fk_seccion_cuestionario, enunciado, activo, puntos) values (10, 5, 'Aliquam quis turpis eget elit sodales scelerisque. Mauris sit amet eros. Suspendisse accumsan tortor quis turpis.', true, 27);
insert into pregunta (fk_habilidad, fk_seccion_cuestionario, enunciado, activo, puntos) values (1, 3, 'Sed sagittis. Nam congue, risus semper porta volutpat, quam pede lobortis ligula, sit amet eleifend pede libero quis orci. Nullam molestie nibh in lectus.', true, 98);

insert into opcion_respuesta (fk_pregunta, opcion_respuesta, porcentaje_exactitud) values (41, 'Pyramid, The', 16);
insert into opcion_respuesta (fk_pregunta, opcion_respuesta, porcentaje_exactitud) values (86, 'Blood Suckers from Outer Space', 16);
insert into opcion_respuesta (fk_pregunta, opcion_respuesta, porcentaje_exactitud) values (80, 'Fortress 2', 14);
insert into opcion_respuesta (fk_pregunta, opcion_respuesta, porcentaje_exactitud) values (19, 'Ama lur (Tierra Madre)', 30);
insert into opcion_respuesta (fk_pregunta, opcion_respuesta, porcentaje_exactitud) values (10, 'The Raid: Redemption', 87);
insert into opcion_respuesta (fk_pregunta, opcion_respuesta, porcentaje_exactitud) values (74, 'Last Time I Committed Suicide, The', 33);
insert into opcion_respuesta (fk_pregunta, opcion_respuesta, porcentaje_exactitud) values (12, 'Milky Way (Tejút)', 80);
insert into opcion_respuesta (fk_pregunta, opcion_respuesta, porcentaje_exactitud) values (98, 'Red Canyon', 8);
insert into opcion_respuesta (fk_pregunta, opcion_respuesta, porcentaje_exactitud) values (70, 'Sometimes They Come Back... Again', 99);
insert into opcion_respuesta (fk_pregunta, opcion_respuesta, porcentaje_exactitud) values (55, 'Coupe de Ville', 56);
insert into opcion_respuesta (fk_pregunta, opcion_respuesta, porcentaje_exactitud) values (27, 'Floating', 78);
insert into opcion_respuesta (fk_pregunta, opcion_respuesta, porcentaje_exactitud) values (98, 'Preaching to the Perverted', 95);
insert into opcion_respuesta (fk_pregunta, opcion_respuesta, porcentaje_exactitud) values (69, 'The Fabulous Baron Munchausen', 61);
insert into opcion_respuesta (fk_pregunta, opcion_respuesta, porcentaje_exactitud) values (26, 'Sea Fog', 49);
insert into opcion_respuesta (fk_pregunta, opcion_respuesta, porcentaje_exactitud) values (49, 'Brigham City', 73);
insert into opcion_respuesta (fk_pregunta, opcion_respuesta, porcentaje_exactitud) values (56, 'Moment After, The', 7);
insert into opcion_respuesta (fk_pregunta, opcion_respuesta, porcentaje_exactitud) values (73, 'The Nutcracker Prince', 37);
insert into opcion_respuesta (fk_pregunta, opcion_respuesta, porcentaje_exactitud) values (36, 'Affluenza', 90);
insert into opcion_respuesta (fk_pregunta, opcion_respuesta, porcentaje_exactitud) values (84, 'Day After Trinity, The', 67);
insert into opcion_respuesta (fk_pregunta, opcion_respuesta, porcentaje_exactitud) values (96, 'Diabolique (Les diaboliques)', 72);
insert into opcion_respuesta (fk_pregunta, opcion_respuesta, porcentaje_exactitud) values (47, 'Mr. Sardonicus', 73);
insert into opcion_respuesta (fk_pregunta, opcion_respuesta, porcentaje_exactitud) values (37, 'Santo vs. las lobas', 96);
insert into opcion_respuesta (fk_pregunta, opcion_respuesta, porcentaje_exactitud) values (35, 'Tribute to a Bad Man', 83);
insert into opcion_respuesta (fk_pregunta, opcion_respuesta, porcentaje_exactitud) values (18, 'Friday the 13th Part IV: The Final Chapter', 4);
insert into opcion_respuesta (fk_pregunta, opcion_respuesta, porcentaje_exactitud) values (4, 'Carmen', 61);
insert into opcion_respuesta (fk_pregunta, opcion_respuesta, porcentaje_exactitud) values (33, 'Union: The Business Behind Getting High, The', 66);
insert into opcion_respuesta (fk_pregunta, opcion_respuesta, porcentaje_exactitud) values (2, 'Recess: School''s Out', 4);
insert into opcion_respuesta (fk_pregunta, opcion_respuesta, porcentaje_exactitud) values (32, 'The Fool', 4);
insert into opcion_respuesta (fk_pregunta, opcion_respuesta, porcentaje_exactitud) values (93, 'Leif', 37);
insert into opcion_respuesta (fk_pregunta, opcion_respuesta, porcentaje_exactitud) values (89, 'Mr. Woodcock', 4);
insert into opcion_respuesta (fk_pregunta, opcion_respuesta, porcentaje_exactitud) values (43, 'There''s Something Wrong with Aunt Diane', 58);
insert into opcion_respuesta (fk_pregunta, opcion_respuesta, porcentaje_exactitud) values (87, 'Big Fat Liar', 7);
insert into opcion_respuesta (fk_pregunta, opcion_respuesta, porcentaje_exactitud) values (76, 'Funny About Love', 11);
insert into opcion_respuesta (fk_pregunta, opcion_respuesta, porcentaje_exactitud) values (2, 'Twilight', 13);
insert into opcion_respuesta (fk_pregunta, opcion_respuesta, porcentaje_exactitud) values (58, 'Closet, The (Placard, Le)', 94);
insert into opcion_respuesta (fk_pregunta, opcion_respuesta, porcentaje_exactitud) values (60, 'Garfield''s Fun Fest', 66);
insert into opcion_respuesta (fk_pregunta, opcion_respuesta, porcentaje_exactitud) values (39, 'Jesse Stone: Sea Change', 53);
insert into opcion_respuesta (fk_pregunta, opcion_respuesta, porcentaje_exactitud) values (9, 'Cadillac Man', 64);
insert into opcion_respuesta (fk_pregunta, opcion_respuesta, porcentaje_exactitud) values (89, 'Navy Seals', 54);
insert into opcion_respuesta (fk_pregunta, opcion_respuesta, porcentaje_exactitud) values (87, 'Empire State', 18);
insert into opcion_respuesta (fk_pregunta, opcion_respuesta, porcentaje_exactitud) values (32, 'Why Do Fools Fall In Love?', 50);
insert into opcion_respuesta (fk_pregunta, opcion_respuesta, porcentaje_exactitud) values (68, 'King of Ping Pong, The (Ping-pongkingen)', 37);
insert into opcion_respuesta (fk_pregunta, opcion_respuesta, porcentaje_exactitud) values (81, 'The Raid', 31);
insert into opcion_respuesta (fk_pregunta, opcion_respuesta, porcentaje_exactitud) values (31, 'Kirikou and the Sorceress (Kirikou et la sorcière)', 77);
insert into opcion_respuesta (fk_pregunta, opcion_respuesta, porcentaje_exactitud) values (7, 'Butter', 79);
insert into opcion_respuesta (fk_pregunta, opcion_respuesta, porcentaje_exactitud) values (73, 'Apple Dumpling Gang, The', 11);
insert into opcion_respuesta (fk_pregunta, opcion_respuesta, porcentaje_exactitud) values (83, 'Hamlet, Prince of Denmark', 86);
insert into opcion_respuesta (fk_pregunta, opcion_respuesta, porcentaje_exactitud) values (78, 'Uncommon Valor', 49);
insert into opcion_respuesta (fk_pregunta, opcion_respuesta, porcentaje_exactitud) values (20, 'Lifted', 82);
insert into opcion_respuesta (fk_pregunta, opcion_respuesta, porcentaje_exactitud) values (44, 'Li''l Quinquin', 42);
insert into opcion_respuesta (fk_pregunta, opcion_respuesta, porcentaje_exactitud) values (75, '1991: The Year Punk Broke', 49);
insert into opcion_respuesta (fk_pregunta, opcion_respuesta, porcentaje_exactitud) values (65, 'Dead Fury', 87);
insert into opcion_respuesta (fk_pregunta, opcion_respuesta, porcentaje_exactitud) values (11, 'Phil Ochs: There But for Fortune', 48);
insert into opcion_respuesta (fk_pregunta, opcion_respuesta, porcentaje_exactitud) values (65, 'Teenage Mutant Ninja Turtles', 83);
insert into opcion_respuesta (fk_pregunta, opcion_respuesta, porcentaje_exactitud) values (70, 'Lore', 34);
insert into opcion_respuesta (fk_pregunta, opcion_respuesta, porcentaje_exactitud) values (11, 'Lili''s Apron', 58);
insert into opcion_respuesta (fk_pregunta, opcion_respuesta, porcentaje_exactitud) values (24, 'Diary of a Chambermaid (Journal d''une femme de chambre, Le)', 48);
insert into opcion_respuesta (fk_pregunta, opcion_respuesta, porcentaje_exactitud) values (11, 'Laramie Project, The', 44);
insert into opcion_respuesta (fk_pregunta, opcion_respuesta, porcentaje_exactitud) values (68, 'Helter Skelter', 71);
insert into opcion_respuesta (fk_pregunta, opcion_respuesta, porcentaje_exactitud) values (47, 'Premature Burial, The', 65);
insert into opcion_respuesta (fk_pregunta, opcion_respuesta, porcentaje_exactitud) values (40, 'W.', 48);
insert into opcion_respuesta (fk_pregunta, opcion_respuesta, porcentaje_exactitud) values (21, 'Presentation, or Charlotte and Her Steak (Présentation ou Charlotte et son steak)', 16);
insert into opcion_respuesta (fk_pregunta, opcion_respuesta, porcentaje_exactitud) values (19, 'Fatal Attraction', 74);
insert into opcion_respuesta (fk_pregunta, opcion_respuesta, porcentaje_exactitud) values (20, 'Hard Luck', 62);
insert into opcion_respuesta (fk_pregunta, opcion_respuesta, porcentaje_exactitud) values (91, 'Iceman, The', 19);
insert into opcion_respuesta (fk_pregunta, opcion_respuesta, porcentaje_exactitud) values (91, 'In the Land of Women', 20);
insert into opcion_respuesta (fk_pregunta, opcion_respuesta, porcentaje_exactitud) values (49, 'Patch Adams', 57);
insert into opcion_respuesta (fk_pregunta, opcion_respuesta, porcentaje_exactitud) values (66, 'Voodoo Dawn', 99);
insert into opcion_respuesta (fk_pregunta, opcion_respuesta, porcentaje_exactitud) values (65, 'Lion King II: Simba''s Pride, The', 71);
insert into opcion_respuesta (fk_pregunta, opcion_respuesta, porcentaje_exactitud) values (8, 'Family Tree (L''arbre et la forêt)', 79);
insert into opcion_respuesta (fk_pregunta, opcion_respuesta, porcentaje_exactitud) values (96, 'Sadie Thompson', 42);
insert into opcion_respuesta (fk_pregunta, opcion_respuesta, porcentaje_exactitud) values (41, 'Scream 2', 78);
insert into opcion_respuesta (fk_pregunta, opcion_respuesta, porcentaje_exactitud) values (46, 'Bride of Chucky (Child''s Play 4)', 8);
insert into opcion_respuesta (fk_pregunta, opcion_respuesta, porcentaje_exactitud) values (8, 'Hui Buh: The Castle Ghost', 24);
insert into opcion_respuesta (fk_pregunta, opcion_respuesta, porcentaje_exactitud) values (66, 'King Ralph', 37);
insert into opcion_respuesta (fk_pregunta, opcion_respuesta, porcentaje_exactitud) values (29, 'Human Factor, The', 37);
insert into opcion_respuesta (fk_pregunta, opcion_respuesta, porcentaje_exactitud) values (62, 'Incident at Oglala', 81);
insert into opcion_respuesta (fk_pregunta, opcion_respuesta, porcentaje_exactitud) values (29, 'Amazonia', 83);
insert into opcion_respuesta (fk_pregunta, opcion_respuesta, porcentaje_exactitud) values (48, 'Alvin and the Chipmunks: Chipwrecked', 57);
insert into opcion_respuesta (fk_pregunta, opcion_respuesta, porcentaje_exactitud) values (42, '33 Postcards', 80);
insert into opcion_respuesta (fk_pregunta, opcion_respuesta, porcentaje_exactitud) values (89, 'Argo', 82);
insert into opcion_respuesta (fk_pregunta, opcion_respuesta, porcentaje_exactitud) values (85, 'Square, The', 38);
insert into opcion_respuesta (fk_pregunta, opcion_respuesta, porcentaje_exactitud) values (58, 'Songcatcher', 56);
insert into opcion_respuesta (fk_pregunta, opcion_respuesta, porcentaje_exactitud) values (17, 'Odgrobadogroba', 80);
insert into opcion_respuesta (fk_pregunta, opcion_respuesta, porcentaje_exactitud) values (31, 'Gunfight at Dodge City, The', 87);
insert into opcion_respuesta (fk_pregunta, opcion_respuesta, porcentaje_exactitud) values (11, 'Mighty Macs, The', 96);
insert into opcion_respuesta (fk_pregunta, opcion_respuesta, porcentaje_exactitud) values (51, 'Gangster Squad', 82);
insert into opcion_respuesta (fk_pregunta, opcion_respuesta, porcentaje_exactitud) values (59, 'Viva', 44);
insert into opcion_respuesta (fk_pregunta, opcion_respuesta, porcentaje_exactitud) values (7, 'Four Days of Naples, The (Le quattro giornate di Napoli)', 67);
insert into opcion_respuesta (fk_pregunta, opcion_respuesta, porcentaje_exactitud) values (47, 'Storm Catcher', 16);
insert into opcion_respuesta (fk_pregunta, opcion_respuesta, porcentaje_exactitud) values (98, 'Big Bad Wolves', 23);
insert into opcion_respuesta (fk_pregunta, opcion_respuesta, porcentaje_exactitud) values (4, 'Blood of a Poet, The (Sang d''un poète, Le)', 7);
insert into opcion_respuesta (fk_pregunta, opcion_respuesta, porcentaje_exactitud) values (62, 'Lady and the Duke, The (Anglaise et le duc, L'')', 81);
insert into opcion_respuesta (fk_pregunta, opcion_respuesta, porcentaje_exactitud) values (34, 'One Potato, Two Potato', 77);
insert into opcion_respuesta (fk_pregunta, opcion_respuesta, porcentaje_exactitud) values (55, 'Running On Karma (Daai Zek Lou)', 23);
insert into opcion_respuesta (fk_pregunta, opcion_respuesta, porcentaje_exactitud) values (60, 'Conquest 1453 (Fetih 1453)', 76);
insert into opcion_respuesta (fk_pregunta, opcion_respuesta, porcentaje_exactitud) values (22, '21 Hours at Munich', 91);
insert into opcion_respuesta (fk_pregunta, opcion_respuesta, porcentaje_exactitud) values (74, 'Sleeping Car, The', 91);
insert into opcion_respuesta (fk_pregunta, opcion_respuesta, porcentaje_exactitud) values (70, 'Burnt by the Sun (Utomlyonnye solntsem)', 7);
insert into opcion_respuesta (fk_pregunta, opcion_respuesta, porcentaje_exactitud) values (60, 'Ceremony, The (Gishiki)', 19);
insert into opcion_respuesta (fk_pregunta, opcion_respuesta, porcentaje_exactitud) values (52, 'Battleground', 58);
insert into opcion_respuesta (fk_pregunta, opcion_respuesta, porcentaje_exactitud) values (36, 'Bridge on the River Kwai, The', 71);
insert into opcion_respuesta (fk_pregunta, opcion_respuesta, porcentaje_exactitud) values (46, 'Northerners, The (De noorderlingen)', 54);
insert into opcion_respuesta (fk_pregunta, opcion_respuesta, porcentaje_exactitud) values (76, 'Lost Souls', 32);
insert into opcion_respuesta (fk_pregunta, opcion_respuesta, porcentaje_exactitud) values (64, 'Carnegie Hall', 83);
insert into opcion_respuesta (fk_pregunta, opcion_respuesta, porcentaje_exactitud) values (12, 'Dark Night of the Scarecrow', 66);
insert into opcion_respuesta (fk_pregunta, opcion_respuesta, porcentaje_exactitud) values (64, 'Hound of the Baskervilles, The', 6);
insert into opcion_respuesta (fk_pregunta, opcion_respuesta, porcentaje_exactitud) values (42, 'Cromwell', 11);
insert into opcion_respuesta (fk_pregunta, opcion_respuesta, porcentaje_exactitud) values (32, 'Gurren Lagann: The Lights in the Sky are Stars (Gekijô ban Tengen toppa guren ragan: Ragan hen)', 2);
insert into opcion_respuesta (fk_pregunta, opcion_respuesta, porcentaje_exactitud) values (47, 'Involuntary (De ofrivilliga)', 86);
insert into opcion_respuesta (fk_pregunta, opcion_respuesta, porcentaje_exactitud) values (63, 'Short Cuts', 43);
insert into opcion_respuesta (fk_pregunta, opcion_respuesta, porcentaje_exactitud) values (57, 'Virtual Sexuality', 23);
insert into opcion_respuesta (fk_pregunta, opcion_respuesta, porcentaje_exactitud) values (20, 'Flirt', 93);
insert into opcion_respuesta (fk_pregunta, opcion_respuesta, porcentaje_exactitud) values (9, 'Sometimes in April', 3);
insert into opcion_respuesta (fk_pregunta, opcion_respuesta, porcentaje_exactitud) values (69, 'Saw', 97);
insert into opcion_respuesta (fk_pregunta, opcion_respuesta, porcentaje_exactitud) values (64, 'Biggie and Tupac', 80);
insert into opcion_respuesta (fk_pregunta, opcion_respuesta, porcentaje_exactitud) values (94, 'Aziz Ansari: Buried Alive', 24);
insert into opcion_respuesta (fk_pregunta, opcion_respuesta, porcentaje_exactitud) values (30, 'Return to Me', 48);
insert into opcion_respuesta (fk_pregunta, opcion_respuesta, porcentaje_exactitud) values (23, 'Queen of Versailles, The', 7);
insert into opcion_respuesta (fk_pregunta, opcion_respuesta, porcentaje_exactitud) values (39, 'Dangerous Liaisons', 27);
insert into opcion_respuesta (fk_pregunta, opcion_respuesta, porcentaje_exactitud) values (38, 'Pride and the Passion, The', 18);
insert into opcion_respuesta (fk_pregunta, opcion_respuesta, porcentaje_exactitud) values (51, 'Frances', 15);
insert into opcion_respuesta (fk_pregunta, opcion_respuesta, porcentaje_exactitud) values (4, 'Grand Budapest Hotel, The', 33);
insert into opcion_respuesta (fk_pregunta, opcion_respuesta, porcentaje_exactitud) values (93, 'Enter the Phoenix (Da lao ai mei li)', 79);
insert into opcion_respuesta (fk_pregunta, opcion_respuesta, porcentaje_exactitud) values (16, 'StreetDance 3D', 25);
insert into opcion_respuesta (fk_pregunta, opcion_respuesta, porcentaje_exactitud) values (96, 'Baboona', 6);
insert into opcion_respuesta (fk_pregunta, opcion_respuesta, porcentaje_exactitud) values (91, 'Red Psalm (Még kér a nép)', 44);
insert into opcion_respuesta (fk_pregunta, opcion_respuesta, porcentaje_exactitud) values (52, 'Massacre Canyon', 78);
insert into opcion_respuesta (fk_pregunta, opcion_respuesta, porcentaje_exactitud) values (45, 'Class Act', 77);
insert into opcion_respuesta (fk_pregunta, opcion_respuesta, porcentaje_exactitud) values (97, 'Border Radio', 96);
insert into opcion_respuesta (fk_pregunta, opcion_respuesta, porcentaje_exactitud) values (90, 'Zandalee', 35);
insert into opcion_respuesta (fk_pregunta, opcion_respuesta, porcentaje_exactitud) values (8, 'Poker Club, The', 22);
insert into opcion_respuesta (fk_pregunta, opcion_respuesta, porcentaje_exactitud) values (35, 'Al Capone', 64);
insert into opcion_respuesta (fk_pregunta, opcion_respuesta, porcentaje_exactitud) values (63, 'King''s Speech, The', 83);
insert into opcion_respuesta (fk_pregunta, opcion_respuesta, porcentaje_exactitud) values (63, 'Pigsty (Porcile)', 6);
insert into opcion_respuesta (fk_pregunta, opcion_respuesta, porcentaje_exactitud) values (62, 'Backyard, The', 79);
insert into opcion_respuesta (fk_pregunta, opcion_respuesta, porcentaje_exactitud) values (23, 'Client List, The', 15);
insert into opcion_respuesta (fk_pregunta, opcion_respuesta, porcentaje_exactitud) values (56, 'General Died at Dawn, The', 50);
insert into opcion_respuesta (fk_pregunta, opcion_respuesta, porcentaje_exactitud) values (93, 'Phil Spector', 15);
insert into opcion_respuesta (fk_pregunta, opcion_respuesta, porcentaje_exactitud) values (9, 'Hardcover', 53);
insert into opcion_respuesta (fk_pregunta, opcion_respuesta, porcentaje_exactitud) values (45, 'Born in East L.A.', 70);
insert into opcion_respuesta (fk_pregunta, opcion_respuesta, porcentaje_exactitud) values (28, 'Sweet Home', 29);
insert into opcion_respuesta (fk_pregunta, opcion_respuesta, porcentaje_exactitud) values (17, 'Familie, En', 17);
insert into opcion_respuesta (fk_pregunta, opcion_respuesta, porcentaje_exactitud) values (91, 'Man of My Life, The (L''homme de sa vie)', 73);
insert into opcion_respuesta (fk_pregunta, opcion_respuesta, porcentaje_exactitud) values (46, 'I Was a Male War Bride', 83);
insert into opcion_respuesta (fk_pregunta, opcion_respuesta, porcentaje_exactitud) values (7, 'Wild Target', 81);
insert into opcion_respuesta (fk_pregunta, opcion_respuesta, porcentaje_exactitud) values (53, 'Man Who Could Work Miracles, The', 99);
insert into opcion_respuesta (fk_pregunta, opcion_respuesta, porcentaje_exactitud) values (58, 'Trouble with Angels, The', 8);
insert into opcion_respuesta (fk_pregunta, opcion_respuesta, porcentaje_exactitud) values (87, 'Bamba, La', 15);
insert into opcion_respuesta (fk_pregunta, opcion_respuesta, porcentaje_exactitud) values (25, 'Série noire', 65);
insert into opcion_respuesta (fk_pregunta, opcion_respuesta, porcentaje_exactitud) values (17, 'Clockwise', 84);
insert into opcion_respuesta (fk_pregunta, opcion_respuesta, porcentaje_exactitud) values (26, 'FBI: Frikis buscan incordiar', 66);
insert into opcion_respuesta (fk_pregunta, opcion_respuesta, porcentaje_exactitud) values (62, 'Kill by Inches', 71);
insert into opcion_respuesta (fk_pregunta, opcion_respuesta, porcentaje_exactitud) values (66, 'Year One', 35);
insert into opcion_respuesta (fk_pregunta, opcion_respuesta, porcentaje_exactitud) values (21, 'Expelled from Paradise', 96);
insert into opcion_respuesta (fk_pregunta, opcion_respuesta, porcentaje_exactitud) values (76, 'Clink of Ice, The (a.k.a.: Sound of Ice Cubes, The) (Le bruit des glaçons)', 72);
insert into opcion_respuesta (fk_pregunta, opcion_respuesta, porcentaje_exactitud) values (50, 'Dead Men Don''t Wear Plaid', 18);
insert into opcion_respuesta (fk_pregunta, opcion_respuesta, porcentaje_exactitud) values (68, 'Jim Jefferies: Alcoholocaust', 30);
insert into opcion_respuesta (fk_pregunta, opcion_respuesta, porcentaje_exactitud) values (93, 'Time Stood Still (Il tempo si è fermato)', 51);
insert into opcion_respuesta (fk_pregunta, opcion_respuesta, porcentaje_exactitud) values (44, 'Lock, Stock & Two Smoking Barrels', 28);
insert into opcion_respuesta (fk_pregunta, opcion_respuesta, porcentaje_exactitud) values (36, '20,000 Leagues Under the Sea', 70);
insert into opcion_respuesta (fk_pregunta, opcion_respuesta, porcentaje_exactitud) values (38, 'Silent Running', 19);
insert into opcion_respuesta (fk_pregunta, opcion_respuesta, porcentaje_exactitud) values (61, 'Hybrid', 98);
insert into opcion_respuesta (fk_pregunta, opcion_respuesta, porcentaje_exactitud) values (83, 'Mac & Devin Go to High School', 11);
insert into opcion_respuesta (fk_pregunta, opcion_respuesta, porcentaje_exactitud) values (98, 'Village, The', 6);
insert into opcion_respuesta (fk_pregunta, opcion_respuesta, porcentaje_exactitud) values (35, 'Sixth of the World, A (Shestaya chast mira)', 52);
insert into opcion_respuesta (fk_pregunta, opcion_respuesta, porcentaje_exactitud) values (23, 'Blood Trails ', 60);
insert into opcion_respuesta (fk_pregunta, opcion_respuesta, porcentaje_exactitud) values (66, 'Baron of Arizona, The', 31);
insert into opcion_respuesta (fk_pregunta, opcion_respuesta, porcentaje_exactitud) values (72, 'Locke', 87);
insert into opcion_respuesta (fk_pregunta, opcion_respuesta, porcentaje_exactitud) values (70, 'Concert, Le', 1);
insert into opcion_respuesta (fk_pregunta, opcion_respuesta, porcentaje_exactitud) values (71, 'Lego: The Adventures of Clutch Powers', 36);
insert into opcion_respuesta (fk_pregunta, opcion_respuesta, porcentaje_exactitud) values (51, 'Saving Santa', 20);
insert into opcion_respuesta (fk_pregunta, opcion_respuesta, porcentaje_exactitud) values (63, 'Ten Minutes Older: The Cello', 82);
insert into opcion_respuesta (fk_pregunta, opcion_respuesta, porcentaje_exactitud) values (34, 'Date with an Angel', 50);
insert into opcion_respuesta (fk_pregunta, opcion_respuesta, porcentaje_exactitud) values (27, 'Anastasia', 79);
insert into opcion_respuesta (fk_pregunta, opcion_respuesta, porcentaje_exactitud) values (68, 'World of Kanako, The (Kawaki.)', 44);
insert into opcion_respuesta (fk_pregunta, opcion_respuesta, porcentaje_exactitud) values (79, 'Near Dark', 98);
insert into opcion_respuesta (fk_pregunta, opcion_respuesta, porcentaje_exactitud) values (18, 'Merry Madagascar', 66);
insert into opcion_respuesta (fk_pregunta, opcion_respuesta, porcentaje_exactitud) values (67, 'Design for Scandal', 40);
insert into opcion_respuesta (fk_pregunta, opcion_respuesta, porcentaje_exactitud) values (10, 'Woman Always Pays, The (Afgrunden) (Abyss, The)', 34);
insert into opcion_respuesta (fk_pregunta, opcion_respuesta, porcentaje_exactitud) values (90, 'Four Seasons (Seasons, The) (Vremena goda)', 24);
insert into opcion_respuesta (fk_pregunta, opcion_respuesta, porcentaje_exactitud) values (77, 'Calloused Hands', 5);
insert into opcion_respuesta (fk_pregunta, opcion_respuesta, porcentaje_exactitud) values (24, 'Color of Night', 52);
insert into opcion_respuesta (fk_pregunta, opcion_respuesta, porcentaje_exactitud) values (36, 'Sabah', 99);
insert into opcion_respuesta (fk_pregunta, opcion_respuesta, porcentaje_exactitud) values (77, 'Sin City: A Dame to Kill For', 41);
insert into opcion_respuesta (fk_pregunta, opcion_respuesta, porcentaje_exactitud) values (77, 'Union, The', 70);
insert into opcion_respuesta (fk_pregunta, opcion_respuesta, porcentaje_exactitud) values (41, 'Clean and Sober', 19);
insert into opcion_respuesta (fk_pregunta, opcion_respuesta, porcentaje_exactitud) values (23, 'Do We Really Need the Moon?', 67);
insert into opcion_respuesta (fk_pregunta, opcion_respuesta, porcentaje_exactitud) values (1, 'Snatch', 94);
insert into opcion_respuesta (fk_pregunta, opcion_respuesta, porcentaje_exactitud) values (26, 'Core, The', 46);
insert into opcion_respuesta (fk_pregunta, opcion_respuesta, porcentaje_exactitud) values (90, 'Doll''s House, A', 13);
insert into opcion_respuesta (fk_pregunta, opcion_respuesta, porcentaje_exactitud) values (56, 'Leviathan', 30);
insert into opcion_respuesta (fk_pregunta, opcion_respuesta, porcentaje_exactitud) values (61, 'Devil''s Playground', 84);
insert into opcion_respuesta (fk_pregunta, opcion_respuesta, porcentaje_exactitud) values (31, 'Four Horsemen', 63);
insert into opcion_respuesta (fk_pregunta, opcion_respuesta, porcentaje_exactitud) values (73, 'Kings of Recycling (Kierrätyksen kuninkaat)', 59);
insert into opcion_respuesta (fk_pregunta, opcion_respuesta, porcentaje_exactitud) values (67, 'He Said, She Said', 83);
insert into opcion_respuesta (fk_pregunta, opcion_respuesta, porcentaje_exactitud) values (68, 'White Men Can''t Jump', 24);
insert into opcion_respuesta (fk_pregunta, opcion_respuesta, porcentaje_exactitud) values (76, 'Star Wars: Episode I - The Phantom Menace', 25);
insert into opcion_respuesta (fk_pregunta, opcion_respuesta, porcentaje_exactitud) values (94, 'Reflecting Skin, The', 98);
insert into opcion_respuesta (fk_pregunta, opcion_respuesta, porcentaje_exactitud) values (30, 'Rasmus på luffen', 1);
insert into opcion_respuesta (fk_pregunta, opcion_respuesta, porcentaje_exactitud) values (45, 'Kirikou and the Wild Beast (Kirikou et les bêtes sauvages)', 48);
insert into opcion_respuesta (fk_pregunta, opcion_respuesta, porcentaje_exactitud) values (79, 'Fantomas vs. Scotland Yard', 55);
insert into opcion_respuesta (fk_pregunta, opcion_respuesta, porcentaje_exactitud) values (40, 'Virgin Territory', 95);
insert into opcion_respuesta (fk_pregunta, opcion_respuesta, porcentaje_exactitud) values (81, 'Patrik Age 1.5 (Patrik 1,5)', 45);
insert into opcion_respuesta (fk_pregunta, opcion_respuesta, porcentaje_exactitud) values (29, 'Rabbit Without Ears (Keinohrhasen)', 20);
insert into opcion_respuesta (fk_pregunta, opcion_respuesta, porcentaje_exactitud) values (44, 'Galaxina', 76);
insert into opcion_respuesta (fk_pregunta, opcion_respuesta, porcentaje_exactitud) values (4, 'On Golden Pond', 54);
insert into opcion_respuesta (fk_pregunta, opcion_respuesta, porcentaje_exactitud) values (72, 'Under Fire', 61);
insert into opcion_respuesta (fk_pregunta, opcion_respuesta, porcentaje_exactitud) values (92, 'Dorian Gray', 88);
insert into opcion_respuesta (fk_pregunta, opcion_respuesta, porcentaje_exactitud) values (95, 'Devil''s Tomb, The', 95);
insert into opcion_respuesta (fk_pregunta, opcion_respuesta, porcentaje_exactitud) values (7, 'Tales of Terror (Kaidan Shin Mimibukuro)', 78);
insert into opcion_respuesta (fk_pregunta, opcion_respuesta, porcentaje_exactitud) values (7, 'Retribution (Sakebi)', 90);
insert into opcion_respuesta (fk_pregunta, opcion_respuesta, porcentaje_exactitud) values (39, 'Casino Royale', 37);
insert into opcion_respuesta (fk_pregunta, opcion_respuesta, porcentaje_exactitud) values (20, 'The Boy', 37);
insert into opcion_respuesta (fk_pregunta, opcion_respuesta, porcentaje_exactitud) values (57, 'Proof', 37);
insert into opcion_respuesta (fk_pregunta, opcion_respuesta, porcentaje_exactitud) values (88, 'Thick as Thieves', 48);
insert into opcion_respuesta (fk_pregunta, opcion_respuesta, porcentaje_exactitud) values (83, 'Very Good Girls', 12);
insert into opcion_respuesta (fk_pregunta, opcion_respuesta, porcentaje_exactitud) values (52, 'DysFunktional Family', 9);
insert into opcion_respuesta (fk_pregunta, opcion_respuesta, porcentaje_exactitud) values (23, 'Dragon Seed', 52);
insert into opcion_respuesta (fk_pregunta, opcion_respuesta, porcentaje_exactitud) values (97, 'Hunchback of Notre Dame, The', 96);
insert into opcion_respuesta (fk_pregunta, opcion_respuesta, porcentaje_exactitud) values (78, 'And God Created Woman', 8);
insert into opcion_respuesta (fk_pregunta, opcion_respuesta, porcentaje_exactitud) values (35, 'Gerhard Richter Painting', 4);
insert into opcion_respuesta (fk_pregunta, opcion_respuesta, porcentaje_exactitud) values (7, 'Bad News Bears', 77);
insert into opcion_respuesta (fk_pregunta, opcion_respuesta, porcentaje_exactitud) values (26, 'Undercover Blues', 96);
insert into opcion_respuesta (fk_pregunta, opcion_respuesta, porcentaje_exactitud) values (28, 'Darling Lili', 24);
insert into opcion_respuesta (fk_pregunta, opcion_respuesta, porcentaje_exactitud) values (98, 'Flawless', 91);
insert into opcion_respuesta (fk_pregunta, opcion_respuesta, porcentaje_exactitud) values (9, 'Cirque du Soleil: Worlds Away', 52);
insert into opcion_respuesta (fk_pregunta, opcion_respuesta, porcentaje_exactitud) values (51, 'Melinda and Melinda', 64);
insert into opcion_respuesta (fk_pregunta, opcion_respuesta, porcentaje_exactitud) values (2, 'Dream Man', 71);
insert into opcion_respuesta (fk_pregunta, opcion_respuesta, porcentaje_exactitud) values (76, 'Yamla Pagla Deewana 2', 44);
insert into opcion_respuesta (fk_pregunta, opcion_respuesta, porcentaje_exactitud) values (29, 'Dawn Patrol, The (Flight Commander)', 43);
insert into opcion_respuesta (fk_pregunta, opcion_respuesta, porcentaje_exactitud) values (62, 'Brainstorm', 55);
insert into opcion_respuesta (fk_pregunta, opcion_respuesta, porcentaje_exactitud) values (17, 'Attack Force', 90);
insert into opcion_respuesta (fk_pregunta, opcion_respuesta, porcentaje_exactitud) values (28, 'Blue Bird, The', 8);
insert into opcion_respuesta (fk_pregunta, opcion_respuesta, porcentaje_exactitud) values (30, 'Package, The', 51);
insert into opcion_respuesta (fk_pregunta, opcion_respuesta, porcentaje_exactitud) values (33, 'Murph: The Protector', 28);
insert into opcion_respuesta (fk_pregunta, opcion_respuesta, porcentaje_exactitud) values (97, 'Friends & Lovers', 93);
insert into opcion_respuesta (fk_pregunta, opcion_respuesta, porcentaje_exactitud) values (82, 'Battle in Seattle', 1);
insert into opcion_respuesta (fk_pregunta, opcion_respuesta, porcentaje_exactitud) values (82, 'Very Potter Sequel, A', 99);
insert into opcion_respuesta (fk_pregunta, opcion_respuesta, porcentaje_exactitud) values (79, 'Made for Each Other', 27);
insert into opcion_respuesta (fk_pregunta, opcion_respuesta, porcentaje_exactitud) values (82, 'Ricky Gervais Live 3: Fame', 99);
insert into opcion_respuesta (fk_pregunta, opcion_respuesta, porcentaje_exactitud) values (84, 'Mystery Street', 8);
insert into opcion_respuesta (fk_pregunta, opcion_respuesta, porcentaje_exactitud) values (77, 'Take a Giant Step', 100);
insert into opcion_respuesta (fk_pregunta, opcion_respuesta, porcentaje_exactitud) values (33, 'Scout, The', 54);
insert into opcion_respuesta (fk_pregunta, opcion_respuesta, porcentaje_exactitud) values (67, 'Brass Target', 87);
insert into opcion_respuesta (fk_pregunta, opcion_respuesta, porcentaje_exactitud) values (40, 'Among Giants', 13);
insert into opcion_respuesta (fk_pregunta, opcion_respuesta, porcentaje_exactitud) values (88, 'Marcello Mastroianni: I Remember Yes, I Remember (Marcello Mastroianni: mi ricordo, sì, io mi ricordo)', 49);
insert into opcion_respuesta (fk_pregunta, opcion_respuesta, porcentaje_exactitud) values (76, 'Ixcanul Volcano', 95);
insert into opcion_respuesta (fk_pregunta, opcion_respuesta, porcentaje_exactitud) values (17, 'Chicken Run', 48);
insert into opcion_respuesta (fk_pregunta, opcion_respuesta, porcentaje_exactitud) values (4, 'Taxi Blues', 51);
insert into opcion_respuesta (fk_pregunta, opcion_respuesta, porcentaje_exactitud) values (54, 'Banshee Chapter, The', 69);
insert into opcion_respuesta (fk_pregunta, opcion_respuesta, porcentaje_exactitud) values (44, 'Cannonball Run, The', 3);
insert into opcion_respuesta (fk_pregunta, opcion_respuesta, porcentaje_exactitud) values (6, 'I Wake Up Screaming', 12);
insert into opcion_respuesta (fk_pregunta, opcion_respuesta, porcentaje_exactitud) values (30, 'The Lone Wolf Spy Hunt', 17);
insert into opcion_respuesta (fk_pregunta, opcion_respuesta, porcentaje_exactitud) values (5, 'Apart from You (After Our Separation) (Kimi to wakarete)', 80);
insert into opcion_respuesta (fk_pregunta, opcion_respuesta, porcentaje_exactitud) values (95, 'Rugrats Movie, The', 50);
insert into opcion_respuesta (fk_pregunta, opcion_respuesta, porcentaje_exactitud) values (28, 'Enchanted', 26);
insert into opcion_respuesta (fk_pregunta, opcion_respuesta, porcentaje_exactitud) values (47, 'Only Two Can Play', 91);
insert into opcion_respuesta (fk_pregunta, opcion_respuesta, porcentaje_exactitud) values (53, 'Nightmare on Elm Street, A', 15);
insert into opcion_respuesta (fk_pregunta, opcion_respuesta, porcentaje_exactitud) values (57, 'Amongst Friends', 64);
insert into opcion_respuesta (fk_pregunta, opcion_respuesta, porcentaje_exactitud) values (50, 'Supercop 2 (Project S) (Chao ji ji hua)', 73);
insert into opcion_respuesta (fk_pregunta, opcion_respuesta, porcentaje_exactitud) values (65, 'Madagascar', 25);
insert into opcion_respuesta (fk_pregunta, opcion_respuesta, porcentaje_exactitud) values (45, 'Escape Plan', 11);
insert into opcion_respuesta (fk_pregunta, opcion_respuesta, porcentaje_exactitud) values (96, 'Faster', 12);
insert into opcion_respuesta (fk_pregunta, opcion_respuesta, porcentaje_exactitud) values (63, 'Thousand Words, A', 65);
insert into opcion_respuesta (fk_pregunta, opcion_respuesta, porcentaje_exactitud) values (36, 'Down to the Bone', 71);
insert into opcion_respuesta (fk_pregunta, opcion_respuesta, porcentaje_exactitud) values (96, 'A Fight For', 8);
insert into opcion_respuesta (fk_pregunta, opcion_respuesta, porcentaje_exactitud) values (82, 'Girl of the Golden West', 58);
insert into opcion_respuesta (fk_pregunta, opcion_respuesta, porcentaje_exactitud) values (94, 'Zombies of the Stratosphere', 45);
insert into opcion_respuesta (fk_pregunta, opcion_respuesta, porcentaje_exactitud) values (17, 'Commare secca, La (Grim Reaper, The)', 4);
insert into opcion_respuesta (fk_pregunta, opcion_respuesta, porcentaje_exactitud) values (15, 'Joshua', 58);
insert into opcion_respuesta (fk_pregunta, opcion_respuesta, porcentaje_exactitud) values (46, 'Apnea (Apnoia)', 82);
insert into opcion_respuesta (fk_pregunta, opcion_respuesta, porcentaje_exactitud) values (65, 'Alvin and the Chipmunks', 33);
insert into opcion_respuesta (fk_pregunta, opcion_respuesta, porcentaje_exactitud) values (81, 'Bread and Roses', 85);
insert into opcion_respuesta (fk_pregunta, opcion_respuesta, porcentaje_exactitud) values (47, 'Being Elmo: A Puppeteer''s Journey', 47);
insert into opcion_respuesta (fk_pregunta, opcion_respuesta, porcentaje_exactitud) values (57, 'Rammbock', 41);
insert into opcion_respuesta (fk_pregunta, opcion_respuesta, porcentaje_exactitud) values (76, 'Seconds', 85);
insert into opcion_respuesta (fk_pregunta, opcion_respuesta, porcentaje_exactitud) values (48, 'Spy Who Loved Me, The', 15);
insert into opcion_respuesta (fk_pregunta, opcion_respuesta, porcentaje_exactitud) values (39, '2LDK', 43);
insert into opcion_respuesta (fk_pregunta, opcion_respuesta, porcentaje_exactitud) values (87, 'Voodoo Dawn', 59);
insert into opcion_respuesta (fk_pregunta, opcion_respuesta, porcentaje_exactitud) values (76, 'Alive', 55);
insert into opcion_respuesta (fk_pregunta, opcion_respuesta, porcentaje_exactitud) values (75, 'I Think I Love My Wife', 82);
insert into opcion_respuesta (fk_pregunta, opcion_respuesta, porcentaje_exactitud) values (27, 'Introducing Dorothy Dandridge', 76);
insert into opcion_respuesta (fk_pregunta, opcion_respuesta, porcentaje_exactitud) values (80, 'Contractor, The', 4);
insert into opcion_respuesta (fk_pregunta, opcion_respuesta, porcentaje_exactitud) values (6, 'A Cinderella Story: Once Upon a Song', 32);
insert into opcion_respuesta (fk_pregunta, opcion_respuesta, porcentaje_exactitud) values (31, 'Speed 2: Cruise Control', 46);
insert into opcion_respuesta (fk_pregunta, opcion_respuesta, porcentaje_exactitud) values (49, 'Pennies from Heaven', 55);
insert into opcion_respuesta (fk_pregunta, opcion_respuesta, porcentaje_exactitud) values (43, 'Youngblood', 99);
insert into opcion_respuesta (fk_pregunta, opcion_respuesta, porcentaje_exactitud) values (57, 'Ten Shrews, The (Kymmenen riivinrautaa)', 16);
insert into opcion_respuesta (fk_pregunta, opcion_respuesta, porcentaje_exactitud) values (59, 'King David', 24);
insert into opcion_respuesta (fk_pregunta, opcion_respuesta, porcentaje_exactitud) values (68, 'Inauguration of the Pleasure Dome', 13);
insert into opcion_respuesta (fk_pregunta, opcion_respuesta, porcentaje_exactitud) values (28, 'KM 31: Kilometro 31', 72);
insert into opcion_respuesta (fk_pregunta, opcion_respuesta, porcentaje_exactitud) values (33, 'Snowball Express', 27);
insert into opcion_respuesta (fk_pregunta, opcion_respuesta, porcentaje_exactitud) values (53, 'Dear Heart', 75);
insert into opcion_respuesta (fk_pregunta, opcion_respuesta, porcentaje_exactitud) values (59, 'Last Dragon, The', 72);
insert into opcion_respuesta (fk_pregunta, opcion_respuesta, porcentaje_exactitud) values (7, 'Gamera: The Giant Monster (Daikaijû Gamera)', 63);
insert into opcion_respuesta (fk_pregunta, opcion_respuesta, porcentaje_exactitud) values (3, 'Paris Was a Woman', 45);
insert into opcion_respuesta (fk_pregunta, opcion_respuesta, porcentaje_exactitud) values (46, '3 Ninjas Kick Back', 4);
insert into opcion_respuesta (fk_pregunta, opcion_respuesta, porcentaje_exactitud) values (50, 'Nymph', 21);
insert into opcion_respuesta (fk_pregunta, opcion_respuesta, porcentaje_exactitud) values (74, 'Wishing Stairs (Yeogo goedam 3: Yeowoo gyedan)', 42);

insert into recomendacion (fk_opcion_respuesta, recomendacion) values (54, 'Product Management');
insert into recomendacion (fk_opcion_respuesta, recomendacion) values (148, 'Research and Development');
insert into recomendacion (fk_opcion_respuesta, recomendacion) values (239, 'Marketing');
insert into recomendacion (fk_opcion_respuesta, recomendacion) values (267, 'Legal');
insert into recomendacion (fk_opcion_respuesta, recomendacion) values (282, 'Sales');
insert into recomendacion (fk_opcion_respuesta, recomendacion) values (73, 'Human Resources');
insert into recomendacion (fk_opcion_respuesta, recomendacion) values (16, 'Engineering');
insert into recomendacion (fk_opcion_respuesta, recomendacion) values (155, 'Research and Development');
insert into recomendacion (fk_opcion_respuesta, recomendacion) values (88, 'Legal');
insert into recomendacion (fk_opcion_respuesta, recomendacion) values (275, 'Sales');
insert into recomendacion (fk_opcion_respuesta, recomendacion) values (285, 'Support');
insert into recomendacion (fk_opcion_respuesta, recomendacion) values (13, 'Research and Development');
insert into recomendacion (fk_opcion_respuesta, recomendacion) values (259, 'Engineering');
insert into recomendacion (fk_opcion_respuesta, recomendacion) values (42, 'Training');
insert into recomendacion (fk_opcion_respuesta, recomendacion) values (233, 'Product Management');
insert into recomendacion (fk_opcion_respuesta, recomendacion) values (280, 'Legal');
insert into recomendacion (fk_opcion_respuesta, recomendacion) values (129, 'Research and Development');
insert into recomendacion (fk_opcion_respuesta, recomendacion) values (27, 'Support');
insert into recomendacion (fk_opcion_respuesta, recomendacion) values (30, 'Engineering');
insert into recomendacion (fk_opcion_respuesta, recomendacion) values (97, 'Human Resources');
insert into recomendacion (fk_opcion_respuesta, recomendacion) values (281, 'Product Management');
insert into recomendacion (fk_opcion_respuesta, recomendacion) values (47, 'Accounting');
insert into recomendacion (fk_opcion_respuesta, recomendacion) values (12, 'Sales');
insert into recomendacion (fk_opcion_respuesta, recomendacion) values (46, 'Business Development');
insert into recomendacion (fk_opcion_respuesta, recomendacion) values (2, 'Marketing');
insert into recomendacion (fk_opcion_respuesta, recomendacion) values (5, 'Legal');
insert into recomendacion (fk_opcion_respuesta, recomendacion) values (260, 'Engineering');
insert into recomendacion (fk_opcion_respuesta, recomendacion) values (89, 'Services');
insert into recomendacion (fk_opcion_respuesta, recomendacion) values (42, 'Marketing');
insert into recomendacion (fk_opcion_respuesta, recomendacion) values (121, 'Training');
insert into recomendacion (fk_opcion_respuesta, recomendacion) values (104, 'Sales');
insert into recomendacion (fk_opcion_respuesta, recomendacion) values (92, 'Marketing');
insert into recomendacion (fk_opcion_respuesta, recomendacion) values (10, 'Accounting');
insert into recomendacion (fk_opcion_respuesta, recomendacion) values (53, 'Product Management');
insert into recomendacion (fk_opcion_respuesta, recomendacion) values (63, 'Product Management');
insert into recomendacion (fk_opcion_respuesta, recomendacion) values (196, 'Marketing');
insert into recomendacion (fk_opcion_respuesta, recomendacion) values (34, 'Business Development');
insert into recomendacion (fk_opcion_respuesta, recomendacion) values (35, 'Training');
insert into recomendacion (fk_opcion_respuesta, recomendacion) values (95, 'Accounting');
insert into recomendacion (fk_opcion_respuesta, recomendacion) values (95, 'Legal');
insert into recomendacion (fk_opcion_respuesta, recomendacion) values (18, 'Marketing');
insert into recomendacion (fk_opcion_respuesta, recomendacion) values (194, 'Training');
insert into recomendacion (fk_opcion_respuesta, recomendacion) values (102, 'Support');
insert into recomendacion (fk_opcion_respuesta, recomendacion) values (110, 'Human Resources');
insert into recomendacion (fk_opcion_respuesta, recomendacion) values (57, 'Legal');
insert into recomendacion (fk_opcion_respuesta, recomendacion) values (137, 'Human Resources');
insert into recomendacion (fk_opcion_respuesta, recomendacion) values (141, 'Business Development');
insert into recomendacion (fk_opcion_respuesta, recomendacion) values (95, 'Human Resources');
insert into recomendacion (fk_opcion_respuesta, recomendacion) values (19, 'Accounting');
insert into recomendacion (fk_opcion_respuesta, recomendacion) values (131, 'Training');
insert into recomendacion (fk_opcion_respuesta, recomendacion) values (143, 'Training');
insert into recomendacion (fk_opcion_respuesta, recomendacion) values (171, 'Sales');
insert into recomendacion (fk_opcion_respuesta, recomendacion) values (270, 'Support');
insert into recomendacion (fk_opcion_respuesta, recomendacion) values (153, 'Product Management');
insert into recomendacion (fk_opcion_respuesta, recomendacion) values (114, 'Research and Development');
insert into recomendacion (fk_opcion_respuesta, recomendacion) values (171, 'Human Resources');
insert into recomendacion (fk_opcion_respuesta, recomendacion) values (70, 'Engineering');
insert into recomendacion (fk_opcion_respuesta, recomendacion) values (201, 'Business Development');
insert into recomendacion (fk_opcion_respuesta, recomendacion) values (85, 'Marketing');
insert into recomendacion (fk_opcion_respuesta, recomendacion) values (231, 'Research and Development');
insert into recomendacion (fk_opcion_respuesta, recomendacion) values (210, 'Legal');
insert into recomendacion (fk_opcion_respuesta, recomendacion) values (44, 'Marketing');
insert into recomendacion (fk_opcion_respuesta, recomendacion) values (153, 'Business Development');
insert into recomendacion (fk_opcion_respuesta, recomendacion) values (75, 'Engineering');
insert into recomendacion (fk_opcion_respuesta, recomendacion) values (102, 'Training');
insert into recomendacion (fk_opcion_respuesta, recomendacion) values (97, 'Product Management');
insert into recomendacion (fk_opcion_respuesta, recomendacion) values (110, 'Sales');
insert into recomendacion (fk_opcion_respuesta, recomendacion) values (151, 'Sales');
insert into recomendacion (fk_opcion_respuesta, recomendacion) values (182, 'Legal');
insert into recomendacion (fk_opcion_respuesta, recomendacion) values (239, 'Business Development');
insert into recomendacion (fk_opcion_respuesta, recomendacion) values (38, 'Product Management');
insert into recomendacion (fk_opcion_respuesta, recomendacion) values (228, 'Engineering');
insert into recomendacion (fk_opcion_respuesta, recomendacion) values (109, 'Product Management');
insert into recomendacion (fk_opcion_respuesta, recomendacion) values (172, 'Legal');
insert into recomendacion (fk_opcion_respuesta, recomendacion) values (18, 'Business Development');
insert into recomendacion (fk_opcion_respuesta, recomendacion) values (275, 'Services');
insert into recomendacion (fk_opcion_respuesta, recomendacion) values (169, 'Accounting');
insert into recomendacion (fk_opcion_respuesta, recomendacion) values (237, 'Training');
insert into recomendacion (fk_opcion_respuesta, recomendacion) values (3, 'Marketing');
insert into recomendacion (fk_opcion_respuesta, recomendacion) values (155, 'Sales');
insert into recomendacion (fk_opcion_respuesta, recomendacion) values (191, 'Human Resources');
insert into recomendacion (fk_opcion_respuesta, recomendacion) values (13, 'Marketing');
insert into recomendacion (fk_opcion_respuesta, recomendacion) values (275, 'Business Development');
insert into recomendacion (fk_opcion_respuesta, recomendacion) values (277, 'Human Resources');
insert into recomendacion (fk_opcion_respuesta, recomendacion) values (268, 'Business Development');
insert into recomendacion (fk_opcion_respuesta, recomendacion) values (2, 'Services');
insert into recomendacion (fk_opcion_respuesta, recomendacion) values (27, 'Sales');
insert into recomendacion (fk_opcion_respuesta, recomendacion) values (59, 'Business Development');
insert into recomendacion (fk_opcion_respuesta, recomendacion) values (259, 'Legal');
insert into recomendacion (fk_opcion_respuesta, recomendacion) values (248, 'Training');
insert into recomendacion (fk_opcion_respuesta, recomendacion) values (153, 'Legal');
insert into recomendacion (fk_opcion_respuesta, recomendacion) values (77, 'Support');
insert into recomendacion (fk_opcion_respuesta, recomendacion) values (107, 'Marketing');
insert into recomendacion (fk_opcion_respuesta, recomendacion) values (243, 'Support');
insert into recomendacion (fk_opcion_respuesta, recomendacion) values (272, 'Business Development');
insert into recomendacion (fk_opcion_respuesta, recomendacion) values (135, 'Product Management');
insert into recomendacion (fk_opcion_respuesta, recomendacion) values (109, 'Accounting');
insert into recomendacion (fk_opcion_respuesta, recomendacion) values (176, 'Research and Development');
insert into recomendacion (fk_opcion_respuesta, recomendacion) values (263, 'Human Resources');
insert into recomendacion (fk_opcion_respuesta, recomendacion) values (51, 'Marketing');

insert into respuesta_cuestionario (fk_cuestionario, fecha_desarrollo) values (1, '30/8/2022');
insert into respuesta_cuestionario (fk_cuestionario, fecha_desarrollo) values (2, '28/10/2022');
insert into respuesta_cuestionario (fk_cuestionario, fecha_desarrollo) values (2, '5/10/2022');
insert into respuesta_cuestionario (fk_cuestionario, fecha_desarrollo) values (7, '17/5/2022');
insert into respuesta_cuestionario (fk_cuestionario, fecha_desarrollo) values (1, '1/12/2021');
insert into respuesta_cuestionario (fk_cuestionario, fecha_desarrollo) values (2, '22/10/2022');
insert into respuesta_cuestionario (fk_cuestionario, fecha_desarrollo) values (1, '26/4/2022');
insert into respuesta_cuestionario (fk_cuestionario, fecha_desarrollo) values (4, '27/5/2022');
insert into respuesta_cuestionario (fk_cuestionario, fecha_desarrollo) values (3, '20/7/2022');
insert into respuesta_cuestionario (fk_cuestionario, fecha_desarrollo) values (4, '1/11/2022');

insert into respuesta_pregunta (fk_respuesta_cuestionario, fk_opcion_respuesta) values (8, 83);
insert into respuesta_pregunta (fk_respuesta_cuestionario, fk_opcion_respuesta) values (9, 223);
insert into respuesta_pregunta (fk_respuesta_cuestionario, fk_opcion_respuesta) values (9, 30);
insert into respuesta_pregunta (fk_respuesta_cuestionario, fk_opcion_respuesta) values (6, 166);
insert into respuesta_pregunta (fk_respuesta_cuestionario, fk_opcion_respuesta) values (1, 84);
insert into respuesta_pregunta (fk_respuesta_cuestionario, fk_opcion_respuesta) values (2, 84);
insert into respuesta_pregunta (fk_respuesta_cuestionario, fk_opcion_respuesta) values (1, 47);
insert into respuesta_pregunta (fk_respuesta_cuestionario, fk_opcion_respuesta) values (4, 99);
insert into respuesta_pregunta (fk_respuesta_cuestionario, fk_opcion_respuesta) values (7, 297);
insert into respuesta_pregunta (fk_respuesta_cuestionario, fk_opcion_respuesta) values (1, 10);
insert into respuesta_pregunta (fk_respuesta_cuestionario, fk_opcion_respuesta) values (9, 141);
insert into respuesta_pregunta (fk_respuesta_cuestionario, fk_opcion_respuesta) values (9, 32);
insert into respuesta_pregunta (fk_respuesta_cuestionario, fk_opcion_respuesta) values (2, 272);
insert into respuesta_pregunta (fk_respuesta_cuestionario, fk_opcion_respuesta) values (7, 75);
insert into respuesta_pregunta (fk_respuesta_cuestionario, fk_opcion_respuesta) values (9, 154);
insert into respuesta_pregunta (fk_respuesta_cuestionario, fk_opcion_respuesta) values (8, 64);
insert into respuesta_pregunta (fk_respuesta_cuestionario, fk_opcion_respuesta) values (6, 286);
insert into respuesta_pregunta (fk_respuesta_cuestionario, fk_opcion_respuesta) values (4, 221);
insert into respuesta_pregunta (fk_respuesta_cuestionario, fk_opcion_respuesta) values (10, 187);
insert into respuesta_pregunta (fk_respuesta_cuestionario, fk_opcion_respuesta) values (4, 28);
insert into respuesta_pregunta (fk_respuesta_cuestionario, fk_opcion_respuesta) values (4, 179);
insert into respuesta_pregunta (fk_respuesta_cuestionario, fk_opcion_respuesta) values (2, 175);
insert into respuesta_pregunta (fk_respuesta_cuestionario, fk_opcion_respuesta) values (8, 157);
insert into respuesta_pregunta (fk_respuesta_cuestionario, fk_opcion_respuesta) values (8, 299);
insert into respuesta_pregunta (fk_respuesta_cuestionario, fk_opcion_respuesta) values (4, 47);
insert into respuesta_pregunta (fk_respuesta_cuestionario, fk_opcion_respuesta) values (1, 264);
insert into respuesta_pregunta (fk_respuesta_cuestionario, fk_opcion_respuesta) values (6, 273);
insert into respuesta_pregunta (fk_respuesta_cuestionario, fk_opcion_respuesta) values (5, 119);
insert into respuesta_pregunta (fk_respuesta_cuestionario, fk_opcion_respuesta) values (5, 203);
insert into respuesta_pregunta (fk_respuesta_cuestionario, fk_opcion_respuesta) values (9, 44);
insert into respuesta_pregunta (fk_respuesta_cuestionario, fk_opcion_respuesta) values (9, 168);
insert into respuesta_pregunta (fk_respuesta_cuestionario, fk_opcion_respuesta) values (1, 235);
insert into respuesta_pregunta (fk_respuesta_cuestionario, fk_opcion_respuesta) values (10, 104);
insert into respuesta_pregunta (fk_respuesta_cuestionario, fk_opcion_respuesta) values (8, 284);
insert into respuesta_pregunta (fk_respuesta_cuestionario, fk_opcion_respuesta) values (7, 103);
insert into respuesta_pregunta (fk_respuesta_cuestionario, fk_opcion_respuesta) values (1, 175);
insert into respuesta_pregunta (fk_respuesta_cuestionario, fk_opcion_respuesta) values (10, 258);
insert into respuesta_pregunta (fk_respuesta_cuestionario, fk_opcion_respuesta) values (2, 30);
insert into respuesta_pregunta (fk_respuesta_cuestionario, fk_opcion_respuesta) values (8, 65);
insert into respuesta_pregunta (fk_respuesta_cuestionario, fk_opcion_respuesta) values (3, 59);
insert into respuesta_pregunta (fk_respuesta_cuestionario, fk_opcion_respuesta) values (6, 220);
insert into respuesta_pregunta (fk_respuesta_cuestionario, fk_opcion_respuesta) values (1, 86);
insert into respuesta_pregunta (fk_respuesta_cuestionario, fk_opcion_respuesta) values (2, 42);
insert into respuesta_pregunta (fk_respuesta_cuestionario, fk_opcion_respuesta) values (8, 237);
insert into respuesta_pregunta (fk_respuesta_cuestionario, fk_opcion_respuesta) values (10, 26);
insert into respuesta_pregunta (fk_respuesta_cuestionario, fk_opcion_respuesta) values (5, 67);
insert into respuesta_pregunta (fk_respuesta_cuestionario, fk_opcion_respuesta) values (9, 3);
insert into respuesta_pregunta (fk_respuesta_cuestionario, fk_opcion_respuesta) values (7, 168);
insert into respuesta_pregunta (fk_respuesta_cuestionario, fk_opcion_respuesta) values (3, 206);
insert into respuesta_pregunta (fk_respuesta_cuestionario, fk_opcion_respuesta) values (4, 70);
insert into respuesta_pregunta (fk_respuesta_cuestionario, fk_opcion_respuesta) values (6, 146);
insert into respuesta_pregunta (fk_respuesta_cuestionario, fk_opcion_respuesta) values (10, 29);
insert into respuesta_pregunta (fk_respuesta_cuestionario, fk_opcion_respuesta) values (8, 103);
insert into respuesta_pregunta (fk_respuesta_cuestionario, fk_opcion_respuesta) values (4, 226);
insert into respuesta_pregunta (fk_respuesta_cuestionario, fk_opcion_respuesta) values (5, 92);
insert into respuesta_pregunta (fk_respuesta_cuestionario, fk_opcion_respuesta) values (1, 106);
insert into respuesta_pregunta (fk_respuesta_cuestionario, fk_opcion_respuesta) values (9, 87);
insert into respuesta_pregunta (fk_respuesta_cuestionario, fk_opcion_respuesta) values (9, 250);
insert into respuesta_pregunta (fk_respuesta_cuestionario, fk_opcion_respuesta) values (3, 235);
insert into respuesta_pregunta (fk_respuesta_cuestionario, fk_opcion_respuesta) values (5, 46);

insert into diagnostico (fk_usuario, fk_respuesta_cuestionario) values (10, 2);
insert into diagnostico (fk_usuario, fk_respuesta_cuestionario) values (3, 8);
insert into diagnostico (fk_usuario, fk_respuesta_cuestionario) values (8, 4);
insert into diagnostico (fk_usuario, fk_respuesta_cuestionario) values (9, 5);
insert into diagnostico (fk_usuario, fk_respuesta_cuestionario) values (7, 10);
insert into diagnostico (fk_usuario, fk_respuesta_cuestionario) values (2, 6);
insert into diagnostico (fk_usuario, fk_respuesta_cuestionario) values (9, 2);
insert into diagnostico (fk_usuario, fk_respuesta_cuestionario) values (7, 1);
insert into diagnostico (fk_usuario, fk_respuesta_cuestionario) values (4, 8);
insert into diagnostico (fk_usuario, fk_respuesta_cuestionario) values (7, 9);

insert into diagnostico_recomendacion (fk_diagnostico, fk_recomendacion) values (5, 49);
insert into diagnostico_recomendacion (fk_diagnostico, fk_recomendacion) values (2, 21);
insert into diagnostico_recomendacion (fk_diagnostico, fk_recomendacion) values (5, 75);
insert into diagnostico_recomendacion (fk_diagnostico, fk_recomendacion) values (5, 12);
insert into diagnostico_recomendacion (fk_diagnostico, fk_recomendacion) values (6, 76);
insert into diagnostico_recomendacion (fk_diagnostico, fk_recomendacion) values (10, 15);
insert into diagnostico_recomendacion (fk_diagnostico, fk_recomendacion) values (6, 30);
insert into diagnostico_recomendacion (fk_diagnostico, fk_recomendacion) values (9, 89);
insert into diagnostico_recomendacion (fk_diagnostico, fk_recomendacion) values (9, 83);
insert into diagnostico_recomendacion (fk_diagnostico, fk_recomendacion) values (4, 61);
insert into diagnostico_recomendacion (fk_diagnostico, fk_recomendacion) values (6, 52);
insert into diagnostico_recomendacion (fk_diagnostico, fk_recomendacion) values (5, 22);
insert into diagnostico_recomendacion (fk_diagnostico, fk_recomendacion) values (9, 47);
insert into diagnostico_recomendacion (fk_diagnostico, fk_recomendacion) values (10, 87);
insert into diagnostico_recomendacion (fk_diagnostico, fk_recomendacion) values (6, 35);
insert into diagnostico_recomendacion (fk_diagnostico, fk_recomendacion) values (4, 71);
insert into diagnostico_recomendacion (fk_diagnostico, fk_recomendacion) values (1, 67);
insert into diagnostico_recomendacion (fk_diagnostico, fk_recomendacion) values (4, 6);
insert into diagnostico_recomendacion (fk_diagnostico, fk_recomendacion) values (6, 58);
insert into diagnostico_recomendacion (fk_diagnostico, fk_recomendacion) values (10, 90);
insert into diagnostico_recomendacion (fk_diagnostico, fk_recomendacion) values (2, 20);
insert into diagnostico_recomendacion (fk_diagnostico, fk_recomendacion) values (5, 73);
insert into diagnostico_recomendacion (fk_diagnostico, fk_recomendacion) values (7, 99);
insert into diagnostico_recomendacion (fk_diagnostico, fk_recomendacion) values (10, 36);
insert into diagnostico_recomendacion (fk_diagnostico, fk_recomendacion) values (1, 56);
insert into diagnostico_recomendacion (fk_diagnostico, fk_recomendacion) values (4, 8);
insert into diagnostico_recomendacion (fk_diagnostico, fk_recomendacion) values (4, 61);
insert into diagnostico_recomendacion (fk_diagnostico, fk_recomendacion) values (9, 28);
insert into diagnostico_recomendacion (fk_diagnostico, fk_recomendacion) values (9, 84);
insert into diagnostico_recomendacion (fk_diagnostico, fk_recomendacion) values (8, 73);

insert into diagnostico_rol_ingeniero (fk_diagnostico, fk_rol_ingeniero, porcentaje_similitud) values (1, 5, 22);
insert into diagnostico_rol_ingeniero (fk_diagnostico, fk_rol_ingeniero, porcentaje_similitud) values (7, 1, 50);
insert into diagnostico_rol_ingeniero (fk_diagnostico, fk_rol_ingeniero, porcentaje_similitud) values (1, 1, 28);
insert into diagnostico_rol_ingeniero (fk_diagnostico, fk_rol_ingeniero, porcentaje_similitud) values (10, 5, 62);
insert into diagnostico_rol_ingeniero (fk_diagnostico, fk_rol_ingeniero, porcentaje_similitud) values (5, 5, 89);
insert into diagnostico_rol_ingeniero (fk_diagnostico, fk_rol_ingeniero, porcentaje_similitud) values (7, 2, 80);
insert into diagnostico_rol_ingeniero (fk_diagnostico, fk_rol_ingeniero, porcentaje_similitud) values (3, 5, 98);
insert into diagnostico_rol_ingeniero (fk_diagnostico, fk_rol_ingeniero, porcentaje_similitud) values (6, 5, 55);
insert into diagnostico_rol_ingeniero (fk_diagnostico, fk_rol_ingeniero, porcentaje_similitud) values (6, 4, 26);
insert into diagnostico_rol_ingeniero (fk_diagnostico, fk_rol_ingeniero, porcentaje_similitud) values (10, 1, 23);


